date,adj_close_DG
03/01/2000,0.0548
04/01/2000,0.0543
05/01/2000,0.0544
06/01/2000,0.0541
07/01/2000,0.0538
10/01/2000,0.0542
11/01/2000,0.0543
12/01/2000,0.0545
13/01/2000,0.0541
14/01/2000,0.0541
18/01/2000,0.0556
19/01/2000,0.0551
20/01/2000,0.0548
21/01/2000,0.0547
24/01/2000,0.0555
25/01/2000,0.0557
26/01/2000,0.0558
27/01/2000,0.0559
28/01/2000,0.0565
31/01/2000,0.0576
01/02/2000,0.0571
02/02/2000,0.0566
03/02/2000,0.0563
04/02/2000,0.0567
07/02/2000,0.0572
08/02/2000,0.0569
09/02/2000,0.0566
10/02/2000,0.0567
11/02/2000,0.0566
14/02/2000,0.0568
15/02/2000,0.0575
16/02/2000,0.0573
17/02/2000,0.0574
18/02/2000,0.0575
22/02/2000,0.0582
23/02/2000,0.0582
24/02/2000,0.0581
25/02/2000,0.0579
28/02/2000,0.058
29/02/2000,0.0578
01/03/2000,0.0576
02/03/2000,0.0576
03/03/2000,0.0579
06/03/2000,0.0585
07/03/2000,0.0583
08/03/2000,0.0583
09/03/2000,0.0582
10/03/2000,0.0587
13/03/2000,0.0589
14/03/2000,0.0587
15/03/2000,0.0585
16/03/2000,0.0587
17/03/2000,0.0589
20/03/2000,0.0595
21/03/2000,0.0591
22/03/2000,0.0591
23/03/2000,0.059
24/03/2000,0.0591
27/03/2000,0.0588
28/03/2000,0.0588
29/03/2000,0.0589
30/03/2000,0.0588
31/03/2000,0.0588
03/04/2000,0.0587
04/04/2000,0.0583
05/04/2000,0.0586
06/04/2000,0.0588
07/04/2000,0.059
10/04/2000,0.0585
11/04/2000,0.0583
12/04/2000,0.0583
13/04/2000,0.0581
14/04/2000,0.0581
17/04/2000,0.0582
18/04/2000,0.0581
19/04/2000,0.0581
20/04/2000,0.0579
24/04/2000,0.058
25/04/2000,0.0579
26/04/2000,0.0575
27/04/2000,0.0575
28/04/2000,0.0582
01/05/2000,0.06
02/05/2000,0.0592
03/05/2000,0.0591
04/05/2000,0.059
05/05/2000,0.0597
08/05/2000,0.0619
09/05/2000,0.0614
10/05/2000,0.0614
11/05/2000,0.0614
12/05/2000,0.0614
15/05/2000,0.0625
16/05/2000,0.062
17/05/2000,0.0605
18/05/2000,0.0592
19/05/2000,0.0589
22/05/2000,0.0601
23/05/2000,0.0601
24/05/2000,0.0592
25/05/2000,0.0585
26/05/2000,0.0583
30/05/2000,0.0587
31/05/2000,0.0563
01/06/2000,0.0574
02/06/2000,0.0587
05/06/2000,0.0598
06/06/2000,0.0599
07/06/2000,0.0592
08/06/2000,0.0591
09/06/2000,0.0592
12/06/2000,0.0593
13/06/2000,0.0588
14/06/2000,0.0582
15/06/2000,0.0584
16/06/2000,0.0583
19/06/2000,0.0584
20/06/2000,0.0579
21/06/2000,0.0581
22/06/2000,0.0584
23/06/2000,0.0586
26/06/2000,0.0582
27/06/2000,0.0583
28/06/2000,0.0581
29/06/2000,0.0585
30/06/2000,0.0588
03/07/2000,0.06
05/07/2000,0.0599
06/07/2000,0.0602
07/07/2000,0.0604
10/07/2000,0.061
11/07/2000,0.061
12/07/2000,0.0617
13/07/2000,0.0618
14/07/2000,0.0617
17/07/2000,0.0615
18/07/2000,0.0616
19/07/2000,0.0618
20/07/2000,0.0618
21/07/2000,0.0613
24/07/2000,0.0621
25/07/2000,0.062
26/07/2000,0.0618
27/07/2000,0.0622
28/07/2000,0.062
31/07/2000,0.0627
01/08/2000,0.0625
02/08/2000,0.0625
03/08/2000,0.0623
04/08/2000,0.0623
07/08/2000,0.0628
08/08/2000,0.0626
09/08/2000,0.0625
10/08/2000,0.0625
11/08/2000,0.0629
14/08/2000,0.0627
15/08/2000,0.0628
16/08/2000,0.0627
17/08/2000,0.0627
18/08/2000,0.0627
21/08/2000,0.063
22/08/2000,0.0628
23/08/2000,0.0629
24/08/2000,0.0629
25/08/2000,0.0631
28/08/2000,0.0632
29/08/2000,0.0631
30/08/2000,0.0632
31/08/2000,0.0631
01/09/2000,0.0627
05/09/2000,0.0627
06/09/2000,0.0621
07/09/2000,0.062
08/09/2000,0.0614
11/09/2000,0.0611
12/09/2000,0.0609
13/09/2000,0.0609
14/09/2000,0.0614
15/09/2000,0.0614
18/09/2000,0.0615
19/09/2000,0.0617
20/09/2000,0.0616
21/09/2000,0.0616
22/09/2000,0.0616
25/09/2000,0.0618
26/09/2000,0.0618
27/09/2000,0.062
28/09/2000,0.0625
29/09/2000,0.0623
02/10/2000,0.0627
03/10/2000,0.0624
04/10/2000,0.0624
05/10/2000,0.0625
06/10/2000,0.0624
10/10/2000,0.0627
11/10/2000,0.0623
12/10/2000,0.0619
13/10/2000,0.0619
16/10/2000,0.0628
17/10/2000,0.063
18/10/2000,0.063
19/10/2000,0.0632
20/10/2000,0.0631
23/10/2000,0.0634
24/10/2000,0.0635
25/10/2000,0.0639
26/10/2000,0.0636
27/10/2000,0.0635
30/10/2000,0.0639
31/10/2000,0.0638
01/11/2000,0.0637
02/11/2000,0.0637
03/11/2000,0.0638
06/11/2000,0.0642
07/11/2000,0.0642
08/11/2000,0.0641
09/11/2000,0.064
10/11/2000,0.0637
13/11/2000,0.0639
14/11/2000,0.0637
15/11/2000,0.0638
16/11/2000,0.0635
17/11/2000,0.0635
20/11/2000,0.0636
21/11/2000,0.0636
22/11/2000,0.0636
24/11/2000,0.0636
27/11/2000,0.0633
28/11/2000,0.0628
29/11/2000,0.0624
30/11/2000,0.0621
01/12/2000,0.0623
04/12/2000,0.0615
05/12/2000,0.0608
06/12/2000,0.0609
07/12/2000,0.0611
08/12/2000,0.0609
11/12/2000,0.0608
12/12/2000,0.0606
13/12/2000,0.0606
14/12/2000,0.0606
15/12/2000,0.0602
18/12/2000,0.0595
19/12/2000,0.0593
20/12/2000,0.0582
21/12/2000,0.0538
22/12/2000,0.0527
26/12/2000,0.0585
27/12/2000,0.0575
28/12/2000,0.0587
29/12/2000,0.0589
02/01/2001,0.0587
03/01/2001,0.0569
04/01/2001,0.0537
05/01/2001,0.0512
08/01/2001,0.0519
09/01/2001,0.0524
10/01/2001,0.0529
11/01/2001,0.0531
12/01/2001,0.0533
16/01/2001,0.0538
17/01/2001,0.0536
18/01/2001,0.0528
19/01/2001,0.0524
22/01/2001,0.0523
23/01/2001,0.0524
24/01/2001,0.0528
25/01/2001,0.0528
26/01/2001,0.0517
29/01/2001,0.0511
30/01/2001,0.0502
31/01/2001,0.0499
01/02/2001,0.05
02/02/2001,0.0506
05/02/2001,0.0506
06/02/2001,0.0507
07/02/2001,0.0507
08/02/2001,0.0508
09/02/2001,0.0506
12/02/2001,0.0504
13/02/2001,0.0505
14/02/2001,0.0507
15/02/2001,0.0508
16/02/2001,0.0502
20/02/2001,0.0504
21/02/2001,0.0502
22/02/2001,0.0501
23/02/2001,0.0489
26/02/2001,0.0481
27/02/2001,0.0482
28/02/2001,0.0485
01/03/2001,0.0484
02/03/2001,0.0484
05/03/2001,0.0482
06/03/2001,0.0479
07/03/2001,0.0469
08/03/2001,0.0468
09/03/2001,0.0472
12/03/2001,0.0466
13/03/2001,0.0466
14/03/2001,0.0454
15/03/2001,0.0452
16/03/2001,0.0454
19/03/2001,0.0453
20/03/2001,0.0449
21/03/2001,0.0431
22/03/2001,0.0426
23/03/2001,0.0429
26/03/2001,0.0429
27/03/2001,0.0435
28/03/2001,0.0434
29/03/2001,0.0432
30/03/2001,0.043
02/04/2001,0.0422
03/04/2001,0.0415
04/04/2001,0.041
05/04/2001,0.0411
06/04/2001,0.0394
09/04/2001,0.0393
10/04/2001,0.0394
11/04/2001,0.0408
12/04/2001,0.0401
16/04/2001,0.0415
17/04/2001,0.0412
18/04/2001,0.0391
19/04/2001,0.0387
20/04/2001,0.0377
23/04/2001,0.0375
24/04/2001,0.038
25/04/2001,0.0384
26/04/2001,0.0383
27/04/2001,0.0385
30/04/2001,0.0395
01/05/2001,0.0392
02/05/2001,0.0389
03/05/2001,0.0384
04/05/2001,0.0374
07/05/2001,0.0374
08/05/2001,0.037
09/05/2001,0.0372
10/05/2001,0.0374
11/05/2001,0.0378
14/05/2001,0.0371
15/05/2001,0.0363
16/05/2001,0.0357
17/05/2001,0.0357
18/05/2001,0.0361
21/05/2001,0.0365
22/05/2001,0.0364
23/05/2001,0.0364
24/05/2001,0.037
25/05/2001,0.0366
29/05/2001,0.0371
30/05/2001,0.0368
31/05/2001,0.0363
01/06/2001,0.0367
04/06/2001,0.0368
05/06/2001,0.0363
06/06/2001,0.0362
07/06/2001,0.0363
08/06/2001,0.0364
11/06/2001,0.036
12/06/2001,0.0356
13/06/2001,0.0355
14/06/2001,0.0356
15/06/2001,0.0352
18/06/2001,0.0352
19/06/2001,0.0351
20/06/2001,0.0349
21/06/2001,0.0351
22/06/2001,0.0345
25/06/2001,0.0346
26/06/2001,0.0346
27/06/2001,0.0352
28/06/2001,0.0364
29/06/2001,0.0365
02/07/2001,0.0367
03/07/2001,0.0366
05/07/2001,0.0365
06/07/2001,0.0363
09/07/2001,0.0365
10/07/2001,0.0363
11/07/2001,0.0358
12/07/2001,0.036
13/07/2001,0.0362
16/07/2001,0.0364
17/07/2001,0.0361
18/07/2001,0.0354
19/07/2001,0.0355
20/07/2001,0.0353
23/07/2001,0.0356
24/07/2001,0.0356
25/07/2001,0.0356
26/07/2001,0.0356
27/07/2001,0.0355
30/07/2001,0.0357
31/07/2001,0.0354
01/08/2001,0.0353
02/08/2001,0.0353
03/08/2001,0.0352
06/08/2001,0.0352
07/08/2001,0.0352
08/08/2001,0.0349
09/08/2001,0.0345
10/08/2001,0.0343
13/08/2001,0.0345
14/08/2001,0.0343
15/08/2001,0.0343
16/08/2001,0.0339
17/08/2001,0.0336
20/08/2001,0.0342
21/08/2001,0.0339
22/08/2001,0.0338
23/08/2001,0.034
24/08/2001,0.0342
27/08/2001,0.0345
28/08/2001,0.0341
29/08/2001,0.0342
30/08/2001,0.0336
31/08/2001,0.0337
04/09/2001,0.0344
05/09/2001,0.0341
06/09/2001,0.0334
07/09/2001,0.0327
10/09/2001,0.0326
13/09/2001,0.0274
14/09/2001,0.0264
17/09/2001,0.0259
18/09/2001,0.0248
19/09/2001,0.0219
20/09/2001,0.0222
21/09/2001,0.0225
24/09/2001,0.0238
25/09/2001,0.024
26/09/2001,0.0238
27/09/2001,0.0238
28/09/2001,0.024
01/10/2001,0.0237
02/10/2001,0.0226
03/10/2001,0.0223
04/10/2001,0.0221
05/10/2001,0.0219
09/10/2001,0.0222
10/10/2001,0.0222
11/10/2001,0.0227
12/10/2001,0.0225
15/10/2001,0.0225
16/10/2001,0.0222
17/10/2001,0.0222
18/10/2001,0.0219
19/10/2001,0.0219
22/10/2001,0.0222
23/10/2001,0.022
24/10/2001,0.0217
25/10/2001,0.0214
26/10/2001,0.0214
29/10/2001,0.0209
30/10/2001,0.0205
31/10/2001,0.0205
01/11/2001,0.0206
02/11/2001,0.0201
05/11/2001,0.0201
06/11/2001,0.0185
07/11/2001,0.018
08/11/2001,0.0184
09/11/2001,0.0183
13/11/2001,0.0184
14/11/2001,0.0187
15/11/2001,0.0192
16/11/2001,0.0195
19/11/2001,0.0194
20/11/2001,0.0195
21/11/2001,0.0196
23/11/2001,0.0195
26/11/2001,0.0198
27/11/2001,0.0192
28/11/2001,0.0187
29/11/2001,0.018
30/11/2001,0.0178
03/12/2001,0.0178
04/12/2001,0.0174
05/12/2001,0.0177
06/12/2001,0.0175
07/12/2001,0.0169
10/12/2001,0.0171
11/12/2001,0.0166
12/12/2001,0.0167
13/12/2001,0.0169
14/12/2001,0.0173
17/12/2001,0.0174
18/12/2001,0.0171
19/12/2001,0.0169
20/12/2001,0.0169
21/12/2001,0.0171
24/12/2001,0.0172
26/12/2001,0.0175
27/12/2001,0.0174
28/12/2001,0.0172
31/12/2001,0.0174
02/01/2002,0.0174
03/01/2002,0.0173
04/01/2002,0.0172
07/01/2002,0.0168
08/01/2002,0.0168
09/01/2002,0.0168
10/01/2002,0.0168
11/01/2002,0.0158
14/01/2002,0.0158
15/01/2002,0.016
16/01/2002,0.0161
17/01/2002,0.0164
18/01/2002,0.0162
22/01/2002,0.017
23/01/2002,0.0171
24/01/2002,0.0172
25/01/2002,0.0172
28/01/2002,0.0176
29/01/2002,0.0172
30/01/2002,0.0175
31/01/2002,0.0176
01/02/2002,0.0176
04/02/2002,0.0177
05/02/2002,0.0176
06/02/2002,0.0174
07/02/2002,0.0173
08/02/2002,0.0173
11/02/2002,0.0175
12/02/2002,0.0175
13/02/2002,0.0176
14/02/2002,0.0175
15/02/2002,0.0174
19/02/2002,0.0176
20/02/2002,0.0176
21/02/2002,0.0176
22/02/2002,0.0176
25/02/2002,0.0177
26/02/2002,0.0177
27/02/2002,0.0177
28/02/2002,0.0179
01/03/2002,0.0177
04/03/2002,0.0181
05/03/2002,0.018
06/03/2002,0.0178
07/03/2002,0.0178
08/03/2002,0.0181
11/03/2002,0.0186
12/03/2002,0.0184
13/03/2002,0.0182
14/03/2002,0.0186
15/03/2002,0.0186
18/03/2002,0.0188
19/03/2002,0.0185
20/03/2002,0.0184
21/03/2002,0.0184
22/03/2002,0.0184
25/03/2002,0.0185
26/03/2002,0.0181
27/03/2002,0.0181
28/03/2002,0.0179
01/04/2002,0.0179
02/04/2002,0.018
03/04/2002,0.0179
04/04/2002,0.0178
05/04/2002,0.0176
08/04/2002,0.0175
09/04/2002,0.0173
10/04/2002,0.0171
11/04/2002,0.0172
12/04/2002,0.0171
15/04/2002,0.0172
16/04/2002,0.0174
17/04/2002,0.0173
18/04/2002,0.0172
19/04/2002,0.0173
22/04/2002,0.0172
23/04/2002,0.0173
24/04/2002,0.0172
25/04/2002,0.0174
26/04/2002,0.0175
29/04/2002,0.0178
30/04/2002,0.0177
01/05/2002,0.0177
02/05/2002,0.0177
03/05/2002,0.0176
06/05/2002,0.0178
07/05/2002,0.0176
08/05/2002,0.0176
09/05/2002,0.0177
10/05/2002,0.0177
13/05/2002,0.0179
14/05/2002,0.0178
15/05/2002,0.0176
16/05/2002,0.0175
17/05/2002,0.0176
20/05/2002,0.0177
21/05/2002,0.0175
22/05/2002,0.0174
23/05/2002,0.0174
24/05/2002,0.0174
28/05/2002,0.0177
29/05/2002,0.0175
30/05/2002,0.0175
31/05/2002,0.0174
03/06/2002,0.0177
04/06/2002,0.0176
05/06/2002,0.0175
06/06/2002,0.0174
07/06/2002,0.0174
10/06/2002,0.0176
11/06/2002,0.0175
12/06/2002,0.0174
13/06/2002,0.0172
14/06/2002,0.0171
17/06/2002,0.0174
18/06/2002,0.0173
19/06/2002,0.0171
20/06/2002,0.0173
21/06/2002,0.0172
24/06/2002,0.0174
25/06/2002,0.0173
26/06/2002,0.017
27/06/2002,0.017
28/06/2002,0.017
01/07/2002,0.0172
02/07/2002,0.0172
03/07/2002,0.0172
05/07/2002,0.0172
08/07/2002,0.0173
09/07/2002,0.0172
10/07/2002,0.0172
11/07/2002,0.0172
12/07/2002,0.0171
15/07/2002,0.0172
16/07/2002,0.0172
17/07/2002,0.0172
18/07/2002,0.0172
19/07/2002,0.0171
22/07/2002,0.017
23/07/2002,0.017
24/07/2002,0.0169
25/07/2002,0.017
26/07/2002,0.0169
29/07/2002,0.0172
30/07/2002,0.0172
31/07/2002,0.0171
01/08/2002,0.0168
02/08/2002,0.0163
05/08/2002,0.0164
06/08/2002,0.0165
07/08/2002,0.0159
08/08/2002,0.0162
09/08/2002,0.0162
12/08/2002,0.0168
13/08/2002,0.0163
14/08/2002,0.0164
15/08/2002,0.0162
16/08/2002,0.0162
19/08/2002,0.0167
20/08/2002,0.0162
21/08/2002,0.0163
22/08/2002,0.0165
23/08/2002,0.0165
26/08/2002,0.0168
27/08/2002,0.0168
28/08/2002,0.0167
29/08/2002,0.0168
30/08/2002,0.0169
03/09/2002,0.0164
04/09/2002,0.0163
05/09/2002,0.0161
06/09/2002,0.0166
09/09/2002,0.0169
10/09/2002,0.0168
11/09/2002,0.0169
12/09/2002,0.0169
13/09/2002,0.0169
16/09/2002,0.0171
17/09/2002,0.017
18/09/2002,0.0168
19/09/2002,0.0165
20/09/2002,0.0165
23/09/2002,0.0165
24/09/2002,0.0165
25/09/2002,0.0166
26/09/2002,0.0165
27/09/2002,0.0163
30/09/2002,0.0157
01/10/2002,0.0159
02/10/2002,0.0158
03/10/2002,0.0157
04/10/2002,0.0161
07/10/2002,0.0163
08/10/2002,0.0161
09/10/2002,0.0157
10/10/2002,0.0158
11/10/2002,0.0158
15/10/2002,0.0168
16/10/2002,0.0166
17/10/2002,0.0167
18/10/2002,0.0167
21/10/2002,0.0171
22/10/2002,0.0169
23/10/2002,0.0168
24/10/2002,0.0165
25/10/2002,0.0164
28/10/2002,0.0159
29/10/2002,0.0151
30/10/2002,0.0151
31/10/2002,0.0144
01/11/2002,0.0143
04/11/2002,0.0143
05/11/2002,0.0142
06/11/2002,0.0123
07/11/2002,0.0122
08/11/2002,0.0122
12/11/2002,0.0122
13/11/2002,0.0121
14/11/2002,0.0122
15/11/2002,0.0122
18/11/2002,0.0123
19/11/2002,0.0121
20/11/2002,0.0122
21/11/2002,0.0122
22/11/2002,0.0123
25/11/2002,0.0124
26/11/2002,0.0122
27/11/2002,0.0123
29/11/2002,0.0122
02/12/2002,0.0124
03/12/2002,0.0123
04/12/2002,0.0122
05/12/2002,0.0122
06/12/2002,0.0121
09/12/2002,0.0123
10/12/2002,0.0121
11/12/2002,0.0121
12/12/2002,0.0121
13/12/2002,0.0121
16/12/2002,0.0123
17/12/2002,0.0122
18/12/2002,0.0121
19/12/2002,0.0121
20/12/2002,0.0121
23/12/2002,0.0119
24/12/2002,0.0119
26/12/2002,0.0118
27/12/2002,0.0116
30/12/2002,0.0122
31/12/2002,0.0122
02/01/2003,0.0122
03/01/2003,0.0122
06/01/2003,0.0121
07/01/2003,0.0119
08/01/2003,0.0119
09/01/2003,0.012
10/01/2003,0.012
13/01/2003,0.0121
14/01/2003,0.0119
15/01/2003,0.012
16/01/2003,0.0118
17/01/2003,0.0118
21/01/2003,0.0119
22/01/2003,0.0117
23/01/2003,0.0117
24/01/2003,0.0116
27/01/2003,0.0117
28/01/2003,0.0118
29/01/2003,0.0118
30/01/2003,0.0118
31/01/2003,0.0118
03/02/2003,0.0118
04/02/2003,0.0116
05/02/2003,0.0118
06/02/2003,0.0117
07/02/2003,0.0117
10/02/2003,0.0117
11/02/2003,0.0118
12/02/2003,0.0118
13/02/2003,0.0117
14/02/2003,0.0118
18/02/2003,0.0119
19/02/2003,0.0118
20/02/2003,0.0119
21/02/2003,0.0119
24/02/2003,0.0121
25/02/2003,0.012
26/02/2003,0.0121
27/02/2003,0.0121
28/02/2003,0.012
03/03/2003,0.012
04/03/2003,0.0119
05/03/2003,0.0118
06/03/2003,0.0118
07/03/2003,0.0112
10/03/2003,0.0108
11/03/2003,0.011
12/03/2003,0.011
13/03/2003,0.0112
14/03/2003,0.0113
17/03/2003,0.0115
18/03/2003,0.0114
19/03/2003,0.0116
20/03/2003,0.0117
21/03/2003,0.0118
24/03/2003,0.0117
25/03/2003,0.0118
26/03/2003,0.0118
27/03/2003,0.0116
28/03/2003,0.0114
31/03/2003,0.0114
01/04/2003,0.0112
02/04/2003,0.0113
03/04/2003,0.0111
04/04/2003,0.0111
07/04/2003,0.0117
08/04/2003,0.0115
09/04/2003,0.0113
10/04/2003,0.0114
11/04/2003,0.0117
14/04/2003,0.012
15/04/2003,0.0118
16/04/2003,0.0117
17/04/2003,0.0118
21/04/2003,0.0118
22/04/2003,0.0118
23/04/2003,0.0117
24/04/2003,0.0115
25/04/2003,0.0114
28/04/2003,0.0114
29/04/2003,0.0115
30/04/2003,0.0113
01/05/2003,0.011
02/05/2003,0.0112
05/05/2003,0.0113
06/05/2003,0.011
07/05/2003,0.0111
08/05/2003,0.0109
09/05/2003,0.0111
12/05/2003,0.011
13/05/2003,0.0109
14/05/2003,0.0106
15/05/2003,0.0106
16/05/2003,0.0105
19/05/2003,0.0105
20/05/2003,0.0104
21/05/2003,0.0106
22/05/2003,0.0108
23/05/2003,0.0108
27/05/2003,0.0109
28/05/2003,0.0112
29/05/2003,0.011
30/05/2003,0.0111
02/06/2003,0.0114
03/06/2003,0.0108
04/06/2003,0.0105
05/06/2003,0.0104
06/06/2003,0.0105
09/06/2003,0.0103
10/06/2003,0.0097
11/06/2003,0.0094
12/06/2003,0.0092
13/06/2003,0.0086
16/06/2003,0.0087
17/06/2003,0.009
18/06/2003,0.0089
19/06/2003,0.0081
20/06/2003,0.0083
23/06/2003,0.0085
24/06/2003,0.0083
25/06/2003,0.0092
26/06/2003,0.0091
27/06/2003,0.0087
30/06/2003,0.009
01/07/2003,0.0089
02/07/2003,0.0087
03/07/2003,0.0087
07/07/2003,0.0092
08/07/2003,0.0092
09/07/2003,0.009
10/07/2003,0.0089
11/07/2003,0.0089
14/07/2003,0.0091
15/07/2003,0.0092
16/07/2003,0.0091
17/07/2003,0.009
18/07/2003,0.0091
21/07/2003,0.0093
22/07/2003,0.0093
23/07/2003,0.0093
24/07/2003,0.0093
25/07/2003,0.0093
28/07/2003,0.0097
29/07/2003,0.0099
30/07/2003,0.0098
31/07/2003,0.0096
01/08/2003,0.0095
04/08/2003,0.0097
05/08/2003,0.0096
06/08/2003,0.0095
07/08/2003,0.0095
08/08/2003,0.0096
11/08/2003,0.0096
12/08/2003,0.0095
13/08/2003,0.0096
14/08/2003,0.0096
15/08/2003,0.0095
18/08/2003,0.0096
19/08/2003,0.0096
20/08/2003,0.0096
21/08/2003,0.0097
22/08/2003,0.0098
25/08/2003,0.0102
26/08/2003,0.0101
27/08/2003,0.01
28/08/2003,0.0099
29/08/2003,0.0098
02/09/2003,0.0098
03/09/2003,0.0097
04/09/2003,0.0097
05/09/2003,0.0096
08/09/2003,0.0097
09/09/2003,0.0096
10/09/2003,0.0096
11/09/2003,0.0096
12/09/2003,0.0096
15/09/2003,0.0096
16/09/2003,0.0093
17/09/2003,0.0095
18/09/2003,0.0096
19/09/2003,0.0095
22/09/2003,0.0095
23/09/2003,0.0093
24/09/2003,0.0095
25/09/2003,0.0094
26/09/2003,0.0094
29/09/2003,0.0096
30/09/2003,0.0095
01/10/2003,0.0095
02/10/2003,0.0094
03/10/2003,0.0094
06/10/2003,0.0094
07/10/2003,0.0092
08/10/2003,0.0091
09/10/2003,0.0091
10/10/2003,0.0092
14/10/2003,0.0093
15/10/2003,0.0093
16/10/2003,0.0093
17/10/2003,0.0093
20/10/2003,0.0095
21/10/2003,0.0093
22/10/2003,0.0096
23/10/2003,0.0096
24/10/2003,0.0095
27/10/2003,0.0098
28/10/2003,0.0096
29/10/2003,0.0096
30/10/2003,0.0096
31/10/2003,0.0096
03/11/2003,0.0096
04/11/2003,0.0095
05/11/2003,0.0096
06/11/2003,0.0096
07/11/2003,0.0096
10/11/2003,0.0097
12/11/2003,0.0095
13/11/2003,0.0094
14/11/2003,0.0095
17/11/2003,0.0096
18/11/2003,0.0096
19/11/2003,0.0095
20/11/2003,0.0095
21/11/2003,0.0094
24/11/2003,0.0096
25/11/2003,0.0095
26/11/2003,0.0094
28/11/2003,0.0093
01/12/2003,0.0095
02/12/2003,0.0094
03/12/2003,0.0094
04/12/2003,0.0093
05/12/2003,0.0092
08/12/2003,0.0093
09/12/2003,0.0093
10/12/2003,0.0093
11/12/2003,0.009
12/12/2003,0.0091
15/12/2003,0.009
16/12/2003,0.0091
17/12/2003,0.009
18/12/2003,0.0089
19/12/2003,0.0088
22/12/2003,0.009
23/12/2003,0.009
24/12/2003,0.009
26/12/2003,0.0087
29/12/2003,0.009
30/12/2003,0.0094
31/12/2003,0.0095
02/01/2004,0.0093
05/01/2004,0.0091
06/01/2004,0.0091
07/01/2004,0.0091
08/01/2004,0.0088
09/01/2004,0.0087
12/01/2004,0.0089
13/01/2004,0.0089
14/01/2004,0.0088
15/01/2004,0.0088
16/01/2004,0.0089
20/01/2004,0.0089
21/01/2004,0.0089
22/01/2004,0.0088
23/01/2004,0.009
26/01/2004,0.009
27/01/2004,0.0091
28/01/2004,0.0094
29/01/2004,0.0094
30/01/2004,0.0092
02/02/2004,0.0094
03/02/2004,0.0094
04/02/2004,0.0094
05/02/2004,0.0094
06/02/2004,0.0093
09/02/2004,0.0094
10/02/2004,0.0095
11/02/2004,0.0093
12/02/2004,0.0093
13/02/2004,0.0092
17/02/2004,0.0095
18/02/2004,0.0094
19/02/2004,0.0094
20/02/2004,0.0094
23/02/2004,0.0097
24/02/2004,0.0097
25/02/2004,0.0096
26/02/2004,0.0096
27/02/2004,0.0096
01/03/2004,0.0097
02/03/2004,0.0097
03/03/2004,0.0097
04/03/2004,0.0096
05/03/2004,0.0094
08/03/2004,0.0096
09/03/2004,0.0096
10/03/2004,0.0096
11/03/2004,0.0097
12/03/2004,0.0096
15/03/2004,0.0096
16/03/2004,0.0096
17/03/2004,0.0093
18/03/2004,0.0093
19/03/2004,0.0094
22/03/2004,0.0095
23/03/2004,0.0095
24/03/2004,0.0093
25/03/2004,0.0094
26/03/2004,0.0095
29/03/2004,0.0096
30/03/2004,0.0096
31/03/2004,0.0095
01/04/2004,0.0093
02/04/2004,0.0095
05/04/2004,0.0094
06/04/2004,0.0094
07/04/2004,0.0095
08/04/2004,0.0093
12/04/2004,0.0094
13/04/2004,0.0094
14/04/2004,0.0095
15/04/2004,0.0095
16/04/2004,0.0094
19/04/2004,0.0096
20/04/2004,0.0097
21/04/2004,0.0099
22/04/2004,0.0097
23/04/2004,0.0098
26/04/2004,0.0099
27/04/2004,0.0098
28/04/2004,0.0097
29/04/2004,0.0097
30/04/2004,0.0098
03/05/2004,0.01
04/05/2004,0.01
05/05/2004,0.0099
06/05/2004,0.01
07/05/2004,0.0107
10/05/2004,0.0108
11/05/2004,0.0105
12/05/2004,0.0104
13/05/2004,0.01
14/05/2004,0.0099
17/05/2004,0.0106
18/05/2004,0.0105
19/05/2004,0.0104
20/05/2004,0.0103
21/05/2004,0.0103
24/05/2004,0.0107
25/05/2004,0.0107
26/05/2004,0.0108
27/05/2004,0.0106
28/05/2004,0.0108
01/06/2004,0.0117
02/06/2004,0.0117
03/06/2004,0.0117
04/06/2004,0.0121
07/06/2004,0.0124
08/06/2004,0.0127
09/06/2004,0.0127
10/06/2004,0.013
14/06/2004,0.0141
15/06/2004,0.0134
16/06/2004,0.013
17/06/2004,0.0128
18/06/2004,0.0129
21/06/2004,0.0133
22/06/2004,0.0132
23/06/2004,0.0129
24/06/2004,0.0129
25/06/2004,0.0131
28/06/2004,0.0138
29/06/2004,0.0138
30/06/2004,0.0133
01/07/2004,0.0122
02/07/2004,0.013
06/07/2004,0.0134
07/07/2004,0.013
08/07/2004,0.0127
09/07/2004,0.0128
12/07/2004,0.0134
13/07/2004,0.0134
14/07/2004,0.0134
15/07/2004,0.0135
16/07/2004,0.0135
19/07/2004,0.0135
20/07/2004,0.0136
21/07/2004,0.0135
22/07/2004,0.0137
23/07/2004,0.0138
26/07/2004,0.0145
27/07/2004,0.0146
28/07/2004,0.0146
29/07/2004,0.0145
30/07/2004,0.0145
02/08/2004,0.015
03/08/2004,0.0148
04/08/2004,0.0149
05/08/2004,0.0148
06/08/2004,0.0144
09/08/2004,0.0151
10/08/2004,0.015
11/08/2004,0.0144
12/08/2004,0.0143
13/08/2004,0.0144
16/08/2004,0.0149
17/08/2004,0.0148
18/08/2004,0.0149
19/08/2004,0.0148
20/08/2004,0.0149
23/08/2004,0.0154
24/08/2004,0.0154
25/08/2004,0.0154
26/08/2004,0.0155
27/08/2004,0.0156
30/08/2004,0.0161
31/08/2004,0.0159
01/09/2004,0.0158
02/09/2004,0.016
03/09/2004,0.0165
07/09/2004,0.0166
08/09/2004,0.0165
09/09/2004,0.0164
10/09/2004,0.0166
13/09/2004,0.0166
14/09/2004,0.0166
15/09/2004,0.0167
16/09/2004,0.0167
17/09/2004,0.0171
20/09/2004,0.0173
21/09/2004,0.0172
22/09/2004,0.0171
23/09/2004,0.0172
24/09/2004,0.0173
27/09/2004,0.0174
28/09/2004,0.0172
29/09/2004,0.0172
30/09/2004,0.0171
01/10/2004,0.0171
04/10/2004,0.0171
05/10/2004,0.0171
06/10/2004,0.0171
07/10/2004,0.017
08/10/2004,0.0171
12/10/2004,0.0172
13/10/2004,0.0172
14/10/2004,0.0174
15/10/2004,0.0176
18/10/2004,0.0181
19/10/2004,0.0182
20/10/2004,0.0182
21/10/2004,0.0185
22/10/2004,0.0185
25/10/2004,0.019
26/10/2004,0.0191
27/10/2004,0.0192
28/10/2004,0.0191
29/10/2004,0.0191
01/11/2004,0.0199
02/11/2004,0.0197
03/11/2004,0.0196
04/11/2004,0.0198
05/11/2004,0.0203
08/11/2004,0.0207
09/11/2004,0.0208
10/11/2004,0.0208
12/11/2004,0.0208
15/11/2004,0.0212
16/11/2004,0.0214
17/11/2004,0.0213
18/11/2004,0.0213
19/11/2004,0.0215
22/11/2004,0.022
23/11/2004,0.0219
24/11/2004,0.0218
26/11/2004,0.0221
29/11/2004,0.0223
30/11/2004,0.0223
01/12/2004,0.0222
02/12/2004,0.0222
03/12/2004,0.0221
06/12/2004,0.0225
07/12/2004,0.0225
08/12/2004,0.0224
09/12/2004,0.0224
10/12/2004,0.0225
13/12/2004,0.0224
14/12/2004,0.0221
15/12/2004,0.0221
16/12/2004,0.022
17/12/2004,0.022
20/12/2004,0.0222
21/12/2004,0.022
22/12/2004,0.0218
23/12/2004,0.0219
27/12/2004,0.0226
28/12/2004,0.0225
29/12/2004,0.0222
30/12/2004,0.0222
31/12/2004,0.0222
03/01/2005,0.0232
04/01/2005,0.0233
05/01/2005,0.0233
06/01/2005,0.0231
07/01/2005,0.0232
10/01/2005,0.0236
11/01/2005,0.0234
12/01/2005,0.0234
13/01/2005,0.0235
14/01/2005,0.0237
18/01/2005,0.0239
19/01/2005,0.0237
20/01/2005,0.0235
21/01/2005,0.0236
24/01/2005,0.0237
25/01/2005,0.0239
26/01/2005,0.0241
27/01/2005,0.0244
28/01/2005,0.0246
31/01/2005,0.0251
01/02/2005,0.0251
02/02/2005,0.0251
03/02/2005,0.0248
04/02/2005,0.0247
07/02/2005,0.0251
08/02/2005,0.0249
09/02/2005,0.0251
10/02/2005,0.0251
11/02/2005,0.0255
14/02/2005,0.0259
15/02/2005,0.0259
16/02/2005,0.0257
17/02/2005,0.0258
18/02/2005,0.0261
22/02/2005,0.0267
23/02/2005,0.0267
24/02/2005,0.0269
25/02/2005,0.0274
28/02/2005,0.0276
01/03/2005,0.0275
02/03/2005,0.0274
03/03/2005,0.0276
04/03/2005,0.0276
07/03/2005,0.0276
08/03/2005,0.0275
09/03/2005,0.0276
10/03/2005,0.0275
11/03/2005,0.0276
14/03/2005,0.028
15/03/2005,0.0281
16/03/2005,0.028
17/03/2005,0.0279
18/03/2005,0.0281
21/03/2005,0.0285
22/03/2005,0.0289
23/03/2005,0.0283
24/03/2005,0.0284
28/03/2005,0.0284
29/03/2005,0.0284
30/03/2005,0.0283
31/03/2005,0.0279
01/04/2005,0.028
04/04/2005,0.028
05/04/2005,0.0279
06/04/2005,0.0276
07/04/2005,0.0277
08/04/2005,0.0279
11/04/2005,0.0276
12/04/2005,0.0276
13/04/2005,0.0277
14/04/2005,0.0278
15/04/2005,0.0279
18/04/2005,0.029
19/04/2005,0.0291
20/04/2005,0.0287
21/04/2005,0.0288
22/04/2005,0.0293
25/04/2005,0.0293
26/04/2005,0.0291
27/04/2005,0.0289
28/04/2005,0.0288
29/04/2005,0.029
02/05/2005,0.0293
03/05/2005,0.0291
04/05/2005,0.0287
05/05/2005,0.0281
06/05/2005,0.0287
09/05/2005,0.0291
10/05/2005,0.029
11/05/2005,0.0287
12/05/2005,0.0288
13/05/2005,0.0283
16/05/2005,0.0289
17/05/2005,0.0288
18/05/2005,0.0286
19/05/2005,0.0287
20/05/2005,0.029
23/05/2005,0.0297
24/05/2005,0.0294
25/05/2005,0.0295
26/05/2005,0.0294
27/05/2005,0.0297
31/05/2005,0.0299
01/06/2005,0.0297
02/06/2005,0.0297
03/06/2005,0.0301
06/06/2005,0.0302
07/06/2005,0.0302
08/06/2005,0.0302
09/06/2005,0.0299
10/06/2005,0.0301
13/06/2005,0.0303
14/06/2005,0.0301
15/06/2005,0.03
16/06/2005,0.0298
17/06/2005,0.0299
20/06/2005,0.0302
21/06/2005,0.0302
22/06/2005,0.0303
23/06/2005,0.0307
24/06/2005,0.0309
27/06/2005,0.0315
28/06/2005,0.0314
29/06/2005,0.0313
30/06/2005,0.0313
01/07/2005,0.0317
05/07/2005,0.0322
06/07/2005,0.0319
07/07/2005,0.0315
08/07/2005,0.0317
11/07/2005,0.0319
12/07/2005,0.0321
13/07/2005,0.0322
14/07/2005,0.0323
15/07/2005,0.0326
18/07/2005,0.033
19/07/2005,0.0331
20/07/2005,0.033
21/07/2005,0.0335
22/07/2005,0.0338
25/07/2005,0.0344
26/07/2005,0.0343
27/07/2005,0.034
28/07/2005,0.0341
29/07/2005,0.0342
01/08/2005,0.0348
02/08/2005,0.0349
03/08/2005,0.0346
04/08/2005,0.0347
05/08/2005,0.0352
08/08/2005,0.0354
09/08/2005,0.0352
10/08/2005,0.0351
11/08/2005,0.0351
12/08/2005,0.0352
15/08/2005,0.0354
16/08/2005,0.0354
17/08/2005,0.0352
18/08/2005,0.035
19/08/2005,0.0352
22/08/2005,0.0353
23/08/2005,0.0353
24/08/2005,0.0353
25/08/2005,0.0354
26/08/2005,0.0355
29/08/2005,0.0354
30/08/2005,0.0354
31/08/2005,0.0352
01/09/2005,0.0348
02/09/2005,0.0346
06/09/2005,0.0352
07/09/2005,0.0349
08/09/2005,0.0348
09/09/2005,0.0349
12/09/2005,0.0351
13/09/2005,0.0347
14/09/2005,0.0342
15/09/2005,0.0345
16/09/2005,0.035
19/09/2005,0.0358
20/09/2005,0.0361
21/09/2005,0.0341
22/09/2005,0.0347
23/09/2005,0.0348
26/09/2005,0.0352
27/09/2005,0.0349
28/09/2005,0.0346
29/09/2005,0.0354
30/09/2005,0.0355
03/10/2005,0.0361
04/10/2005,0.0363
05/10/2005,0.0358
06/10/2005,0.0361
07/10/2005,0.0363
11/10/2005,0.0373
12/10/2005,0.037
13/10/2005,0.0375
14/10/2005,0.0378
17/10/2005,0.0386
18/10/2005,0.0385
19/10/2005,0.0386
20/10/2005,0.0385
21/10/2005,0.0387
24/10/2005,0.0392
25/10/2005,0.0393
26/10/2005,0.039
27/10/2005,0.0388
28/10/2005,0.0393
31/10/2005,0.0398
01/11/2005,0.0396
02/11/2005,0.0394
03/11/2005,0.0394
04/11/2005,0.0398
07/11/2005,0.0396
08/11/2005,0.0396
09/11/2005,0.0399
10/11/2005,0.0397
14/11/2005,0.0402
15/11/2005,0.0401
16/11/2005,0.04
17/11/2005,0.0401
18/11/2005,0.0401
21/11/2005,0.04
22/11/2005,0.0393
23/11/2005,0.0395
25/11/2005,0.0395
28/11/2005,0.0398
29/11/2005,0.0398
30/11/2005,0.0395
01/12/2005,0.0397
02/12/2005,0.0399
05/12/2005,0.0404
06/12/2005,0.0404
07/12/2005,0.0403
08/12/2005,0.0394
09/12/2005,0.0394
12/12/2005,0.039
13/12/2005,0.0391
14/12/2005,0.0389
15/12/2005,0.0393
16/12/2005,0.0393
19/12/2005,0.0396
20/12/2005,0.0395
21/12/2005,0.0398
22/12/2005,0.0398
23/12/2005,0.0399
27/12/2005,0.0398
28/12/2005,0.0395
29/12/2005,0.0401
30/12/2005,0.0408
03/01/2006,0.0416
04/01/2006,0.0419
05/01/2006,0.042
06/01/2006,0.0422
09/01/2006,0.0423
10/01/2006,0.0429
11/01/2006,0.043
12/01/2006,0.0432
13/01/2006,0.0433
17/01/2006,0.0438
18/01/2006,0.0435
19/01/2006,0.0435
20/01/2006,0.0435
23/01/2006,0.0438
24/01/2006,0.044
25/01/2006,0.0442
26/01/2006,0.0445
27/01/2006,0.0445
30/01/2006,0.0448
31/01/2006,0.0447
01/02/2006,0.0447
02/02/2006,0.0448
03/02/2006,0.0448
06/02/2006,0.0448
07/02/2006,0.0449
08/02/2006,0.045
09/02/2006,0.0452
10/02/2006,0.0453
13/02/2006,0.0455
14/02/2006,0.0455
15/02/2006,0.0455
16/02/2006,0.0455
17/02/2006,0.0454
21/02/2006,0.0456
22/02/2006,0.0457
23/02/2006,0.0459
24/02/2006,0.046
27/02/2006,0.0462
28/02/2006,0.0462
01/03/2006,0.046
02/03/2006,0.0462
03/03/2006,0.0462
06/03/2006,0.046
07/03/2006,0.046
08/03/2006,0.0458
09/03/2006,0.046
10/03/2006,0.0462
13/03/2006,0.0461
14/03/2006,0.0459
15/03/2006,0.0463
16/03/2006,0.0462
17/03/2006,0.0464
20/03/2006,0.0466
21/03/2006,0.0469
22/03/2006,0.0469
23/03/2006,0.0467
24/03/2006,0.0465
27/03/2006,0.0463
28/03/2006,0.0465
29/03/2006,0.0463
30/03/2006,0.0461
31/03/2006,0.0463
03/04/2006,0.0467
04/04/2006,0.0468
05/04/2006,0.0467
06/04/2006,0.0468
07/04/2006,0.0469
10/04/2006,0.0469
11/04/2006,0.047
12/04/2006,0.047
13/04/2006,0.047
17/04/2006,0.0472
18/04/2006,0.0472
19/04/2006,0.0473
20/04/2006,0.0473
21/04/2006,0.0475
24/04/2006,0.0475
25/04/2006,0.0479
26/04/2006,0.0479
27/04/2006,0.0478
28/04/2006,0.0477
01/05/2006,0.0482
02/05/2006,0.0481
03/05/2006,0.0482
04/05/2006,0.048
05/05/2006,0.0483
08/05/2006,0.0487
09/05/2006,0.0488
10/05/2006,0.0488
11/05/2006,0.0482
12/05/2006,0.0485
15/05/2006,0.0486
16/05/2006,0.0483
17/05/2006,0.0483
18/05/2006,0.0483
19/05/2006,0.0482
22/05/2006,0.0483
23/05/2006,0.0484
24/05/2006,0.0482
25/05/2006,0.0482
26/05/2006,0.0484
30/05/2006,0.0484
31/05/2006,0.0486
01/06/2006,0.0483
02/06/2006,0.0481
05/06/2006,0.0485
06/06/2006,0.0486
07/06/2006,0.0486
08/06/2006,0.0487
09/06/2006,0.0488
12/06/2006,0.0493
13/06/2006,0.0489
14/06/2006,0.049
15/06/2006,0.0485
16/06/2006,0.0488
19/06/2006,0.0493
20/06/2006,0.0492
21/06/2006,0.0492
22/06/2006,0.0492
23/06/2006,0.0498
26/06/2006,0.0503
27/06/2006,0.0505
28/06/2006,0.0501
29/06/2006,0.0501
30/06/2006,0.0501
03/07/2006,0.0508
05/07/2006,0.0501
06/07/2006,0.05
07/07/2006,0.0502
10/07/2006,0.0506
11/07/2006,0.0505
12/07/2006,0.0506
13/07/2006,0.0505
14/07/2006,0.0506
17/07/2006,0.0511
18/07/2006,0.0513
19/07/2006,0.0511
20/07/2006,0.0508
21/07/2006,0.051
24/07/2006,0.051
25/07/2006,0.0513
26/07/2006,0.0511
27/07/2006,0.051
28/07/2006,0.0507
31/07/2006,0.051
01/08/2006,0.0512
02/08/2006,0.051
03/08/2006,0.0511
04/08/2006,0.0509
07/08/2006,0.0512
08/08/2006,0.051
09/08/2006,0.0507
10/08/2006,0.0505
11/08/2006,0.0507
14/08/2006,0.0512
15/08/2006,0.051
16/08/2006,0.0507
17/08/2006,0.0509
18/08/2006,0.051
21/08/2006,0.0511
22/08/2006,0.051
23/08/2006,0.0509
24/08/2006,0.0509
25/08/2006,0.0511
28/08/2006,0.051
29/08/2006,0.0507
30/08/2006,0.0505
31/08/2006,0.0505
01/09/2006,0.0502
05/09/2006,0.05
06/09/2006,0.0497
07/09/2006,0.0497
08/09/2006,0.0493
11/09/2006,0.0493
12/09/2006,0.049
13/09/2006,0.0491
14/09/2006,0.0495
15/09/2006,0.0496
18/09/2006,0.0494
19/09/2006,0.0494
20/09/2006,0.0493
21/09/2006,0.0492
22/09/2006,0.0493
25/09/2006,0.0488
26/09/2006,0.0488
27/09/2006,0.0488
28/09/2006,0.0487
29/09/2006,0.0489
02/10/2006,0.0488
03/10/2006,0.049
04/10/2006,0.0493
05/10/2006,0.0494
06/10/2006,0.0495
10/10/2006,0.05
11/10/2006,0.0502
12/10/2006,0.0506
13/10/2006,0.0505
16/10/2006,0.0509
17/10/2006,0.0509
18/10/2006,0.0509
19/10/2006,0.051
20/10/2006,0.0509
23/10/2006,0.0512
24/10/2006,0.0513
25/10/2006,0.0512
26/10/2006,0.0512
27/10/2006,0.0511
30/10/2006,0.051
31/10/2006,0.0508
01/11/2006,0.0507
02/11/2006,0.0507
03/11/2006,0.0509
06/11/2006,0.0509
07/11/2006,0.0508
08/11/2006,0.051
09/11/2006,0.0509
10/11/2006,0.051
13/11/2006,0.0509
14/11/2006,0.0509
15/11/2006,0.0509
16/11/2006,0.0509
17/11/2006,0.0509
20/11/2006,0.0508
21/11/2006,0.0507
22/11/2006,0.0505
24/11/2006,0.0504
27/11/2006,0.0505
28/11/2006,0.0504
29/11/2006,0.0504
30/11/2006,0.0503
01/12/2006,0.0503
04/12/2006,0.0501
05/12/2006,0.0499
06/12/2006,0.0499
07/12/2006,0.0498
08/12/2006,0.0497
11/12/2006,0.0493
12/12/2006,0.0493
13/12/2006,0.0494
14/12/2006,0.0496
15/12/2006,0.0491
18/12/2006,0.0496
19/12/2006,0.0496
20/12/2006,0.0496
21/12/2006,0.0497
22/12/2006,0.0499
26/12/2006,0.0499
27/12/2006,0.0497
28/12/2006,0.05
29/12/2006,0.0502
02/01/2007,0.0507
03/01/2007,0.0505
04/01/2007,0.0504
05/01/2007,0.0505
08/01/2007,0.0508
09/01/2007,0.0508
10/01/2007,0.0509
11/01/2007,0.0511
12/01/2007,0.0509
16/01/2007,0.0511
17/01/2007,0.0512
18/01/2007,0.0512
19/01/2007,0.0514
22/01/2007,0.0513
23/01/2007,0.0514
24/01/2007,0.0513
25/01/2007,0.0514
26/01/2007,0.0513
29/01/2007,0.0514
30/01/2007,0.0513
31/01/2007,0.0512
01/02/2007,0.0513
02/02/2007,0.0514
05/02/2007,0.0515
06/02/2007,0.0514
07/02/2007,0.0515
08/02/2007,0.0516
09/02/2007,0.0515
12/02/2007,0.0518
13/02/2007,0.0517
14/02/2007,0.0516
15/02/2007,0.0517
16/02/2007,0.0517
20/02/2007,0.0519
21/02/2007,0.0518
22/02/2007,0.0519
23/02/2007,0.0518
26/02/2007,0.0519
27/02/2007,0.0514
28/02/2007,0.0516
01/03/2007,0.0515
02/03/2007,0.0512
05/03/2007,0.051
06/03/2007,0.0514
07/03/2007,0.0512
08/03/2007,0.051
09/03/2007,0.051
12/03/2007,0.0509
13/03/2007,0.0509
14/03/2007,0.0506
15/03/2007,0.0505
16/03/2007,0.0504
19/03/2007,0.0506
20/03/2007,0.0506
21/03/2007,0.0505
22/03/2007,0.0506
23/03/2007,0.0508
26/03/2007,0.0506
27/03/2007,0.0508
28/03/2007,0.0506
29/03/2007,0.0505
30/03/2007,0.0504
02/04/2007,0.0504
03/04/2007,0.0505
04/04/2007,0.0507
05/04/2007,0.0504
06/04/2007,0.0505
09/04/2007,0.0502
10/04/2007,0.0503
11/04/2007,0.0504
12/04/2007,0.0503
13/04/2007,0.0502
16/04/2007,0.0501
17/04/2007,0.0501
18/04/2007,0.05
19/04/2007,0.0499
20/04/2007,0.0499
23/04/2007,0.0498
24/04/2007,0.0498
25/04/2007,0.0497
26/04/2007,0.0496
27/04/2007,0.0495
30/04/2007,0.0491
01/05/2007,0.049
02/05/2007,0.0491
03/05/2007,0.049
04/05/2007,0.049
07/05/2007,0.0489
08/05/2007,0.049
09/05/2007,0.0488
10/05/2007,0.0487
11/05/2007,0.0487
14/05/2007,0.0485
15/05/2007,0.0483
16/05/2007,0.0475
17/05/2007,0.0481
18/05/2007,0.0484
21/05/2007,0.0488
22/05/2007,0.0493
23/05/2007,0.0491
24/05/2007,0.0491
25/05/2007,0.0488
29/05/2007,0.049
30/05/2007,0.0485
31/05/2007,0.0473
01/06/2007,0.0479
04/06/2007,0.0481
05/06/2007,0.0483
06/06/2007,0.048
07/06/2007,0.048
08/06/2007,0.0477
11/06/2007,0.0473
12/06/2007,0.0472
13/06/2007,0.0466
14/06/2007,0.0465
15/06/2007,0.0456
18/06/2007,0.0463
19/06/2007,0.0465
20/06/2007,0.0474
21/06/2007,0.047
22/06/2007,0.0473
25/06/2007,0.0482
26/06/2007,0.0482
27/06/2007,0.0477
28/06/2007,0.0478
29/06/2007,0.0482
02/07/2007,0.0495
03/07/2007,0.0495
05/07/2007,0.0495
06/07/2007,0.0495
09/07/2007,0.0497
10/07/2007,0.0495
11/07/2007,0.0495
12/07/2007,0.0497
13/07/2007,0.0497
16/07/2007,0.0498
17/07/2007,0.0496
18/07/2007,0.0496
19/07/2007,0.0498
20/07/2007,0.0497
23/07/2007,0.0502
24/07/2007,0.0502
25/07/2007,0.0499
26/07/2007,0.0492
27/07/2007,0.0485
30/07/2007,0.0496
31/07/2007,0.0496
01/08/2007,0.0489
02/08/2007,0.0489
03/08/2007,0.0485
06/08/2007,0.0488
07/08/2007,0.0494
08/08/2007,0.0495
09/08/2007,0.0481
10/08/2007,0.0457
13/08/2007,0.0474
14/08/2007,0.0464
15/08/2007,0.0421
16/08/2007,0.0379
17/08/2007,0.0376
20/08/2007,0.0312
21/08/2007,0.0359
22/08/2007,0.0367
23/08/2007,0.0389
24/08/2007,0.0424
27/08/2007,0.0463
28/08/2007,0.044
29/08/2007,0.0398
30/08/2007,0.0384
31/08/2007,0.0401
04/09/2007,0.0447
05/09/2007,0.0436
06/09/2007,0.0429
07/09/2007,0.0407
10/09/2007,0.0396
11/09/2007,0.0411
12/09/2007,0.0403
13/09/2007,0.0408
14/09/2007,0.0401
17/09/2007,0.0415
18/09/2007,0.0401
19/09/2007,0.0393
20/09/2007,0.0379
21/09/2007,0.0374
24/09/2007,0.0384
25/09/2007,0.0379
26/09/2007,0.0373
27/09/2007,0.0371
28/09/2007,0.0382
01/10/2007,0.0392
02/10/2007,0.0396
03/10/2007,0.0396
04/10/2007,0.0396
05/10/2007,0.04
09/10/2007,0.0406
10/10/2007,0.0406
11/10/2007,0.0412
12/10/2007,0.042
15/10/2007,0.043
16/10/2007,0.0425
17/10/2007,0.0401
18/10/2007,0.0376
19/10/2007,0.0386
22/10/2007,0.04
23/10/2007,0.0398
24/10/2007,0.0385
25/10/2007,0.0394
26/10/2007,0.0396
29/10/2007,0.0401
30/10/2007,0.0396
31/10/2007,0.0394
01/11/2007,0.0381
02/11/2007,0.0361
05/11/2007,0.0371
06/11/2007,0.0376
07/11/2007,0.0349
08/11/2007,0.0338
09/11/2007,0.0327
13/11/2007,0.035
14/11/2007,0.0341
15/11/2007,0.033
16/11/2007,0.034
19/11/2007,0.034
20/11/2007,0.0325
21/11/2007,0.0309
23/11/2007,0.0323
26/11/2007,0.0313
27/11/2007,0.0316
28/11/2007,0.0305
29/11/2007,0.0299
30/11/2007,0.0315
03/12/2007,0.0306
04/12/2007,0.0307
05/12/2007,0.0307
06/12/2007,0.0309
07/12/2007,0.0312
10/12/2007,0.0305
11/12/2007,0.0294
12/12/2007,0.0288
13/12/2007,0.0287
14/12/2007,0.0288
17/12/2007,0.0307
18/12/2007,0.0304
19/12/2007,0.0291
20/12/2007,0.0292
21/12/2007,0.03
24/12/2007,0.0333
26/12/2007,0.0332
27/12/2007,0.0317
28/12/2007,0.0318
31/12/2007,0.0336
02/01/2008,0.0326
03/01/2008,0.0324
04/01/2008,0.032
07/01/2008,0.0327
08/01/2008,0.0325
09/01/2008,0.0322
10/01/2008,0.0324
11/01/2008,0.0309
14/01/2008,0.0319
15/01/2008,0.0317
16/01/2008,0.0314
17/01/2008,0.0307
18/01/2008,0.0286
22/01/2008,0.0235
23/01/2008,0.0221
24/01/2008,0.0237
25/01/2008,0.023
28/01/2008,0.0234
29/01/2008,0.0228
30/01/2008,0.0221
31/01/2008,0.0196
01/02/2008,0.021
04/02/2008,0.0227
05/02/2008,0.0219
06/02/2008,0.021
07/02/2008,0.0217
08/02/2008,0.0223
11/02/2008,0.0231
12/02/2008,0.0231
13/02/2008,0.0228
14/02/2008,0.0231
15/02/2008,0.0221
19/02/2008,0.0228
20/02/2008,0.0225
21/02/2008,0.022
22/02/2008,0.022
25/02/2008,0.022
26/02/2008,0.0214
27/02/2008,0.0198
28/02/2008,0.019
29/02/2008,0.0185
03/03/2008,0.017
04/03/2008,0.0166
05/03/2008,0.0153
06/03/2008,0.0139
07/03/2008,0.0145
10/03/2008,0.0135
11/03/2008,0.0148
12/03/2008,0.0148
13/03/2008,0.0135
14/03/2008,0.0118
17/03/2008,0.0111
18/03/2008,0.0092
19/03/2008,0.0061
20/03/2008,0.0063
24/03/2008,0.0124
25/03/2008,0.0129
26/03/2008,0.0129
27/03/2008,0.013
28/03/2008,0.0133
31/03/2008,0.0138
01/04/2008,0.014
02/04/2008,0.0141
03/04/2008,0.014
04/04/2008,0.0135
07/04/2008,0.0145
08/04/2008,0.0141
09/04/2008,0.0131
10/04/2008,0.0127
11/04/2008,0.0119
14/04/2008,0.0108
15/04/2008,0.011
16/04/2008,0.0112
17/04/2008,0.0123
18/04/2008,0.0135
21/04/2008,0.0134
22/04/2008,0.0127
23/04/2008,0.0126
24/04/2008,0.0126
25/04/2008,0.0134
28/04/2008,0.0143
29/04/2008,0.0146
30/04/2008,0.0143
01/05/2008,0.0145
02/05/2008,0.015
05/05/2008,0.0153
06/05/2008,0.0163
07/05/2008,0.0167
08/05/2008,0.0166
09/05/2008,0.0169
12/05/2008,0.0177
13/05/2008,0.0183
14/05/2008,0.0182
15/05/2008,0.0183
16/05/2008,0.0184
19/05/2008,0.0182
20/05/2008,0.0186
21/05/2008,0.0186
22/05/2008,0.0186
23/05/2008,0.0186
27/05/2008,0.0189
28/05/2008,0.0189
29/05/2008,0.019
30/05/2008,0.0189
02/06/2008,0.0185
03/06/2008,0.0185
04/06/2008,0.0184
05/06/2008,0.0185
06/06/2008,0.0185
09/06/2008,0.0189
10/06/2008,0.0202
11/06/2008,0.0196
12/06/2008,0.02
13/06/2008,0.0199
16/06/2008,0.0207
17/06/2008,0.0199
18/06/2008,0.0193
19/06/2008,0.0191
20/06/2008,0.0187
23/06/2008,0.0187
24/06/2008,0.0183
25/06/2008,0.0181
26/06/2008,0.0174
27/06/2008,0.0168
30/06/2008,0.019
01/07/2008,0.0187
02/07/2008,0.0182
03/07/2008,0.0184
07/07/2008,0.0187
08/07/2008,0.0186
09/07/2008,0.0182
10/07/2008,0.0167
11/07/2008,0.0162
14/07/2008,0.0152
15/07/2008,0.0139
16/07/2008,0.0137
17/07/2008,0.0143
18/07/2008,0.0148
21/07/2008,0.0148
22/07/2008,0.0155
23/07/2008,0.0159
24/07/2008,0.0165
25/07/2008,0.0175
28/07/2008,0.0173
29/07/2008,0.0172
30/07/2008,0.017
31/07/2008,0.0168
01/08/2008,0.0166
04/08/2008,0.0175
05/08/2008,0.0175
06/08/2008,0.0164
07/08/2008,0.0166
08/08/2008,0.017
11/08/2008,0.0187
12/08/2008,0.0186
13/08/2008,0.0185
14/08/2008,0.0189
15/08/2008,0.0185
18/08/2008,0.0182
19/08/2008,0.018
20/08/2008,0.0171
21/08/2008,0.0172
22/08/2008,0.017
25/08/2008,0.0174
26/08/2008,0.0171
27/08/2008,0.0167
28/08/2008,0.0174
29/08/2008,0.0172
02/09/2008,0.0172
03/09/2008,0.017
04/09/2008,0.0169
05/09/2008,0.0168
08/09/2008,0.0171
09/09/2008,0.0166
10/09/2008,0.0165
11/09/2008,0.0161
12/09/2008,0.0149
15/09/2008,0.0102
16/09/2008,0.0084
17/09/2008,0.0003
18/09/2008,0.0023
19/09/2008,0.0099
22/09/2008,0.0128
23/09/2008,0.008
24/09/2008,0.0049
25/09/2008,0.0076
26/09/2008,0.0087
29/09/2008,0.0094
30/09/2008,0.0092
01/10/2008,0.0085
02/10/2008,0.0063
03/10/2008,0.0051
06/10/2008,0.0054
07/10/2008,0.0082
08/10/2008,0.0068
09/10/2008,0.006
10/10/2008,0.0025
14/10/2008,0.0034
15/10/2008,0.0022
16/10/2008,0.0046
17/10/2008,0.0083
20/10/2008,0.0124
21/10/2008,0.011
22/10/2008,0.0105
23/10/2008,0.0098
24/10/2008,0.0089
27/10/2008,0.0084
28/10/2008,0.0077
29/10/2008,0.0062
30/10/2008,0.0041
31/10/2008,0.0046
03/11/2008,0.0049
04/11/2008,0.0048
05/11/2008,0.004
06/11/2008,0.0032
07/11/2008,0.0031
10/11/2008,0.0029
12/11/2008,0.0018
13/11/2008,0.0022
14/11/2008,0.0015
17/11/2008,0.0012
18/11/2008,0.0012
19/11/2008,0.0007
20/11/2008,0.0003
21/11/2008,0.0002
24/11/2008,0.0013
25/11/2008,0.001
26/11/2008,0.0005
28/11/2008,0.0001
01/12/2008,0.0007
02/12/2008,0.0006
03/12/2008,0.0002
04/12/2008,0.0002
05/12/2008,0.0002
08/12/2008,0.0003
09/12/2008,0.0003
10/12/2008,0
11/12/2008,0.0001
12/12/2008,0.0002
15/12/2008,0.0003
16/12/2008,0.0004
17/12/2008,0.0005
18/12/2008,0
19/12/2008,0.0002
22/12/2008,0.0001
23/12/2008,0.0002
24/12/2008,0
26/12/2008,0.0003
29/12/2008,0.0006
30/12/2008,0.001
31/12/2008,0.0011
02/01/2009,0.0008
05/01/2009,0.0014
06/01/2009,0.0014
07/01/2009,0.0011
08/01/2009,0.0009
09/01/2009,0.0007
12/01/2009,0.0012
13/01/2009,0.0011
14/01/2009,0.0012
15/01/2009,0.0011
16/01/2009,0.0012
20/01/2009,0.0013
21/01/2009,0.0011
22/01/2009,0.001
23/01/2009,0.0011
26/01/2009,0.0014
27/01/2009,0.0013
28/01/2009,0.0019
29/01/2009,0.0023
30/01/2009,0.0024
02/02/2009,0.0027
03/02/2009,0.0032
04/02/2009,0.003
05/02/2009,0.0029
06/02/2009,0.0028
09/02/2009,0.0032
10/02/2009,0.0031
11/02/2009,0.003
12/02/2009,0.0029
13/02/2009,0.0029
17/02/2009,0.0032
18/02/2009,0.0031
19/02/2009,0.003
20/02/2009,0.0027
23/02/2009,0.0029
24/02/2009,0.0032
25/02/2009,0.003
26/02/2009,0.0027
27/02/2009,0.0026
02/03/2009,0.0028
03/03/2009,0.0027
04/03/2009,0.0026
05/03/2009,0.002
06/03/2009,0.0021
09/03/2009,0.0023
10/03/2009,0.0024
11/03/2009,0.0023
12/03/2009,0.0022
13/03/2009,0.002
16/03/2009,0.0024
17/03/2009,0.0024
18/03/2009,0.0021
19/03/2009,0.002
20/03/2009,0.0022
23/03/2009,0.0022
24/03/2009,0.0021
25/03/2009,0.0019
26/03/2009,0.0015
27/03/2009,0.0014
30/03/2009,0.0018
31/03/2009,0.0021
01/04/2009,0.0022
02/04/2009,0.0022
03/04/2009,0.0021
06/04/2009,0.002
07/04/2009,0.002
08/04/2009,0.0018
09/04/2009,0.0018
13/04/2009,0.0018
14/04/2009,0.0017
15/04/2009,0.0015
16/04/2009,0.0013
17/04/2009,0.0014
20/04/2009,0.0014
21/04/2009,0.0015
22/04/2009,0.0014
23/04/2009,0.001
24/04/2009,0.001
27/04/2009,0.0013
28/04/2009,0.0013
29/04/2009,0.0011
30/04/2009,0.0014
01/05/2009,0.0016
04/05/2009,0.0019
05/05/2009,0.0019
06/05/2009,0.0019
07/05/2009,0.0018
08/05/2009,0.0019
11/05/2009,0.0019
12/05/2009,0.0019
13/05/2009,0.0017
14/05/2009,0.0016
15/05/2009,0.0017
18/05/2009,0.0019
19/05/2009,0.0018
20/05/2009,0.0018
21/05/2009,0.0019
22/05/2009,0.0018
26/05/2009,0.0018
27/05/2009,0.0017
28/05/2009,0.0015
29/05/2009,0.0014
01/06/2009,0.0013
02/06/2009,0.0014
03/06/2009,0.0014
04/06/2009,0.0014
05/06/2009,0.002
08/06/2009,0.0019
09/06/2009,0.0019
10/06/2009,0.0018
11/06/2009,0.0019
12/06/2009,0.0019
15/06/2009,0.0017
16/06/2009,0.0017
17/06/2009,0.0017
18/06/2009,0.0018
19/06/2009,0.0019
22/06/2009,0.002
23/06/2009,0.002
24/06/2009,0.0019
25/06/2009,0.0018
26/06/2009,0.002
29/06/2009,0.002
30/06/2009,0.0019
01/07/2009,0.0017
02/07/2009,0.0017
06/07/2009,0.0019
07/07/2009,0.0019
08/07/2009,0.0018
09/07/2009,0.0019
10/07/2009,0.0018
13/07/2009,0.0018
14/07/2009,0.0018
15/07/2009,0.0018
16/07/2009,0.0019
17/07/2009,0.0017
20/07/2009,0.0019
21/07/2009,0.0019
22/07/2009,0.0019
23/07/2009,0.0019
24/07/2009,0.0018
27/07/2009,0.0019
28/07/2009,0.0019
29/07/2009,0.0019
30/07/2009,0.0018
31/07/2009,0.0018
03/08/2009,0.0019
04/08/2009,0.0018
05/08/2009,0.0018
06/08/2009,0.0017
07/08/2009,0.0019
10/08/2009,0.0019
11/08/2009,0.0018
12/08/2009,0.0017
13/08/2009,0.0017
14/08/2009,0.0018
17/08/2009,0.0018
18/08/2009,0.0018
19/08/2009,0.0017
20/08/2009,0.0017
21/08/2009,0.0017
24/08/2009,0.0017
25/08/2009,0.0017
26/08/2009,0.0015
27/08/2009,0.0015
28/08/2009,0.0015
31/08/2009,0.0015
01/09/2009,0.0014
02/09/2009,0.0014
03/09/2009,0.0015
04/09/2009,0.0014
08/09/2009,0.0014
09/09/2009,0.0014
10/09/2009,0.0014
11/09/2009,0.0014
14/09/2009,0.0014
15/09/2009,0.0013
16/09/2009,0.001
17/09/2009,0.001
18/09/2009,0.0008
21/09/2009,0.0011
22/09/2009,0.0011
23/09/2009,0.0011
24/09/2009,0.001
25/09/2009,0.001
28/09/2009,0.0011
29/09/2009,0.0013
30/09/2009,0.0014
01/10/2009,0.001
02/10/2009,0.001
05/10/2009,0.0008
06/10/2009,0.0008
07/10/2009,0.0009
08/10/2009,0.0006
09/10/2009,0.0007
13/10/2009,0.0007
14/10/2009,0.0007
15/10/2009,0.0007
16/10/2009,0.0007
19/10/2009,0.0008
20/10/2009,0.0008
21/10/2009,0.0007
22/10/2009,0.0006
23/10/2009,0.0007
26/10/2009,0.0008
27/10/2009,0.0008
28/10/2009,0.0007
29/10/2009,0.0006
30/10/2009,0.0005
02/11/2009,0.0006
03/11/2009,0.0006
04/11/2009,0.0005
05/11/2009,0.0004
06/11/2009,0.0006
09/11/2009,0.0007
10/11/2009,0.0007
12/11/2009,0.0007
13/11/2009,0.0006
16/11/2009,0.0007
17/11/2009,0.0006
18/11/2009,0.0004
19/11/2009,0.0002
20/11/2009,0.0002
23/11/2009,0.0005
24/11/2009,0.0005
25/11/2009,0.0005
27/11/2009,0.0003
30/11/2009,0.0006
01/12/2009,0.0006
02/12/2009,0.0005
03/12/2009,0.0006
04/12/2009,0.0006
07/12/2009,0.0004
08/12/2009,0.0003
09/12/2009,0.0003
10/12/2009,0.0002
11/12/2009,0.0003
14/12/2009,0.0004
15/12/2009,0.0005
16/12/2009,0.0004
17/12/2009,0.0004
18/12/2009,0.0005
21/12/2009,0.0008
22/12/2009,0.0008
23/12/2009,0.0007
24/12/2009,0.0005
28/12/2009,0.0011
29/12/2009,0.001
30/12/2009,0.0005
31/12/2009,0.0006
04/01/2010,0.0008
05/01/2010,0.0007
06/01/2010,0.0006
07/01/2010,0.0005
08/01/2010,0.0005
11/01/2010,0.0004
12/01/2010,0.0005
13/01/2010,0.0006
14/01/2010,0.0005
15/01/2010,0.0006
19/01/2010,0.0006
20/01/2010,0.0005
21/01/2010,0.0006
22/01/2010,0.0006
25/01/2010,0.0006
26/01/2010,0.0007
27/01/2010,0.0008
28/01/2010,0.0008
29/01/2010,0.0008
01/02/2010,0.001
02/02/2010,0.001
03/02/2010,0.001
04/02/2010,0.0009
05/02/2010,0.001
08/02/2010,0.0012
09/02/2010,0.0012
10/02/2010,0.0011
11/02/2010,0.0011
12/02/2010,0.001
16/02/2010,0.001
17/02/2010,0.001
18/02/2010,0.001
19/02/2010,0.0011
22/02/2010,0.0011
23/02/2010,0.0012
24/02/2010,0.0012
25/02/2010,0.0013
26/02/2010,0.0013
01/03/2010,0.0013
02/03/2010,0.0014
03/03/2010,0.0014
04/03/2010,0.0014
05/03/2010,0.0015
08/03/2010,0.0016
09/03/2010,0.0016
10/03/2010,0.0015
11/03/2010,0.0016
12/03/2010,0.0015
15/03/2010,0.0017
16/03/2010,0.0016
17/03/2010,0.0015
18/03/2010,0.0016
19/03/2010,0.0016
22/03/2010,0.0015
23/03/2010,0.0014
24/03/2010,0.0014
25/03/2010,0.0014
26/03/2010,0.0014
29/03/2010,0.0015
30/03/2010,0.0016
31/03/2010,0.0016
01/04/2010,0.0016
02/04/2010,0.0016
05/04/2010,0.0018
06/04/2010,0.0017
07/04/2010,0.0017
08/04/2010,0.0017
09/04/2010,0.0016
12/04/2010,0.0016
13/04/2010,0.0016
14/04/2010,0.0016
15/04/2010,0.0016
16/04/2010,0.0016
19/04/2010,0.0016
20/04/2010,0.0016
21/04/2010,0.0015
22/04/2010,0.0016
23/04/2010,0.0016
26/04/2010,0.0016
27/04/2010,0.0016
28/04/2010,0.0016
29/04/2010,0.0017
30/04/2010,0.0016
03/05/2010,0.0017
04/05/2010,0.0016
05/05/2010,0.0015
06/05/2010,0.0011
07/05/2010,0.0013
10/05/2010,0.0016
11/05/2010,0.0016
12/05/2010,0.0016
13/05/2010,0.0016
14/05/2010,0.0016
17/05/2010,0.0016
18/05/2010,0.0017
19/05/2010,0.0017
20/05/2010,0.0017
21/05/2010,0.0017
24/05/2010,0.0017
25/05/2010,0.0017
26/05/2010,0.0017
27/05/2010,0.0017
28/05/2010,0.0016
01/06/2010,0.0016
02/06/2010,0.0016
03/06/2010,0.0014
04/06/2010,0.0014
07/06/2010,0.0012
08/06/2010,0.0012
09/06/2010,0.001
10/06/2010,0.001
11/06/2010,0.0008
14/06/2010,0.0007
15/06/2010,0.0009
16/06/2010,0.001
17/06/2010,0.0009
18/06/2010,0.0011
21/06/2010,0.0012
22/06/2010,0.0013
23/06/2010,0.0013
24/06/2010,0.0013
25/06/2010,0.0013
28/06/2010,0.0017
29/06/2010,0.0015
30/06/2010,0.0018
01/07/2010,0.0017
02/07/2010,0.0017
06/07/2010,0.0017
07/07/2010,0.0016
08/07/2010,0.0015
09/07/2010,0.0016
12/07/2010,0.0016
13/07/2010,0.0015
14/07/2010,0.0015
15/07/2010,0.0015
16/07/2010,0.0015
19/07/2010,0.0017
20/07/2010,0.0016
21/07/2010,0.0016
22/07/2010,0.0016
23/07/2010,0.0016
26/07/2010,0.0016
27/07/2010,0.0015
28/07/2010,0.0015
29/07/2010,0.0015
30/07/2010,0.0015
02/08/2010,0.0016
03/08/2010,0.0016
04/08/2010,0.0016
05/08/2010,0.0015
06/08/2010,0.0015
09/08/2010,0.0015
10/08/2010,0.0015
11/08/2010,0.0015
12/08/2010,0.0016
13/08/2010,0.0015
16/08/2010,0.0016
17/08/2010,0.0017
18/08/2010,0.0016
19/08/2010,0.0016
20/08/2010,0.0015
23/08/2010,0.0016
24/08/2010,0.0016
25/08/2010,0.0016
26/08/2010,0.0016
27/08/2010,0.0015
30/08/2010,0.0014
31/08/2010,0.0014
01/09/2010,0.0013
02/09/2010,0.0014
03/09/2010,0.0014
07/09/2010,0.0014
08/09/2010,0.0014
09/09/2010,0.0014
10/09/2010,0.0014
13/09/2010,0.0015
14/09/2010,0.0015
15/09/2010,0.0015
16/09/2010,0.0016
17/09/2010,0.0016
20/09/2010,0.0017
21/09/2010,0.0017
22/09/2010,0.0016
23/09/2010,0.0016
24/09/2010,0.0015
27/09/2010,0.0016
28/09/2010,0.0016
29/09/2010,0.0016
30/09/2010,0.0016
01/10/2010,0.0016
04/10/2010,0.0013
05/10/2010,0.0012
06/10/2010,0.0013
07/10/2010,0.0013
08/10/2010,0.0012
12/10/2010,0.0013
13/10/2010,0.0013
14/10/2010,0.0014
15/10/2010,0.0014
18/10/2010,0.0015
19/10/2010,0.0014
20/10/2010,0.0014
21/10/2010,0.0013
22/10/2010,0.0013
25/10/2010,0.0014
26/10/2010,0.0014
27/10/2010,0.0014
28/10/2010,0.0013
29/10/2010,0.0012
01/11/2010,0.0013
02/11/2010,0.0013
03/11/2010,0.0013
04/11/2010,0.0013
05/11/2010,0.0013
08/11/2010,0.0013
09/11/2010,0.0013
10/11/2010,0.0013
12/11/2010,0.0013
15/11/2010,0.0014
16/11/2010,0.0015
17/11/2010,0.0014
18/11/2010,0.0015
19/11/2010,0.0014
22/11/2010,0.0015
23/11/2010,0.0015
24/11/2010,0.0016
26/11/2010,0.0016
29/11/2010,0.0018
30/11/2010,0.0017
01/12/2010,0.0016
02/12/2010,0.0016
03/12/2010,0.0014
06/12/2010,0.0015
07/12/2010,0.0014
08/12/2010,0.0015
09/12/2010,0.0014
10/12/2010,0.0013
13/12/2010,0.0015
14/12/2010,0.0015
15/12/2010,0.0014
16/12/2010,0.0013
17/12/2010,0.0011
20/12/2010,0.0014
21/12/2010,0.0014
22/12/2010,0.0014
23/12/2010,0.0014
27/12/2010,0.0017
28/12/2010,0.0015
29/12/2010,0.0013
30/12/2010,0.0012
31/12/2010,0.0012
03/01/2011,0.0015
04/01/2011,0.0014
05/01/2011,0.0014
06/01/2011,0.0015
07/01/2011,0.0014
10/01/2011,0.0015
11/01/2011,0.0015
12/01/2011,0.0015
13/01/2011,0.0015
14/01/2011,0.0015
18/01/2011,0.0016
19/01/2011,0.0016
20/01/2011,0.0016
21/01/2011,0.0016
24/01/2011,0.0016
25/01/2011,0.0016
26/01/2011,0.0016
27/01/2011,0.0015
28/01/2011,0.0015
31/01/2011,0.0015
01/02/2011,0.0015
02/02/2011,0.0016
03/02/2011,0.0014
04/02/2011,0.0015
07/02/2011,0.0016
08/02/2011,0.0015
09/02/2011,0.0014
10/02/2011,0.0012
11/02/2011,0.0012
14/02/2011,0.0013
15/02/2011,0.0013
16/02/2011,0.0012
17/02/2011,0.0009
18/02/2011,0.001
22/02/2011,0.0012
23/02/2011,0.0012
24/02/2011,0.0013
25/02/2011,0.0013
28/02/2011,0.0015
01/03/2011,0.0014
02/03/2011,0.0013
03/03/2011,0.0013
04/03/2011,0.0012
07/03/2011,0.0011
08/03/2011,0.0011
09/03/2011,0.001
10/03/2011,0.0008
11/03/2011,0.0008
14/03/2011,0.0009
15/03/2011,0.001
16/03/2011,0.001
17/03/2011,0.0008
18/03/2011,0.0007
21/03/2011,0.001
22/03/2011,0.001
23/03/2011,0.0009
24/03/2011,0.0009
25/03/2011,0.0009
28/03/2011,0.0011
29/03/2011,0.001
30/03/2011,0.001
31/03/2011,0.0009
01/04/2011,0.0007
04/04/2011,0.0006
05/04/2011,0.0007
06/04/2011,0.0006
07/04/2011,0.0004
08/04/2011,0.0004
11/04/2011,0.0005
12/04/2011,0.0005
13/04/2011,0.0006
14/04/2011,0.0007
15/04/2011,0.0007
18/04/2011,0.0007
19/04/2011,0.0006
20/04/2011,0.0006
21/04/2011,0.0006
25/04/2011,0.0007
26/04/2011,0.0007
27/04/2011,0.0006
28/04/2011,0.0004
29/04/2011,0.0004
02/05/2011,0.0005
03/05/2011,0.0003
04/05/2011,0.0003
05/05/2011,0.0002
06/05/2011,0.0002
09/05/2011,0.0003
10/05/2011,0.0003
11/05/2011,0.0003
12/05/2011,0.0002
13/05/2011,0.0003
16/05/2011,0.0004
17/05/2011,0.0004
18/05/2011,0.0005
19/05/2011,0.0005
20/05/2011,0.0005
23/05/2011,0.0006
24/05/2011,0.0006
25/05/2011,0.0006
26/05/2011,0.0005
27/05/2011,0.0005
31/05/2011,0.0006
01/06/2011,0.0005
02/06/2011,0.0004
03/06/2011,0.0004
06/06/2011,0.0005
07/06/2011,0.0005
08/06/2011,0.0004
09/06/2011,0.0005
10/06/2011,0.0005
13/06/2011,0.0005
14/06/2011,0.0005
15/06/2011,0.0005
16/06/2011,0.0005
17/06/2011,0.0004
20/06/2011,0.0003
21/06/2011,0.0003
22/06/2011,0.0002
23/06/2011,0.0001
24/06/2011,0.0002
27/06/2011,0.0002
28/06/2011,0.0003
29/06/2011,0.0002
30/06/2011,0.0003
01/07/2011,0.0002
05/07/2011,0.0002
06/07/2011,0.0001
07/07/2011,0.0003
08/07/2011,0.0003
11/07/2011,0.0003
12/07/2011,0.0003
13/07/2011,0.0001
14/07/2011,0.0001
15/07/2011,0.0002
18/07/2011,0.0002
19/07/2011,0.0003
20/07/2011,0.0002
21/07/2011,0.0005
22/07/2011,0.0005
25/07/2011,0.0005
26/07/2011,0.0007
27/07/2011,0.0008
28/07/2011,0.0007
29/07/2011,0.001
01/08/2011,0.001
02/08/2011,0.0006
03/08/2011,0.0002
04/08/2011,0.0002
05/08/2011,0.0001
08/08/2011,0.0005
09/08/2011,0.0003
10/08/2011,0.0002
11/08/2011,0.0003
12/08/2011,0.0002
15/08/2011,0.0002
16/08/2011,0.0003
17/08/2011,0.0001
18/08/2011,0.0001
19/08/2011,0.0002
22/08/2011,0.0001
23/08/2011,0.0001
24/08/2011,0.0002
25/08/2011,0.0001
26/08/2011,0.0001
29/08/2011,0.0002
30/08/2011,0.0001
31/08/2011,0.0002
01/09/2011,0.0002
02/09/2011,0.0002
06/09/2011,0.0002
07/09/2011,0.0002
08/09/2011,0.0002
09/09/2011,0.0001
12/09/2011,0.0001
13/09/2011,0.0001
14/09/2011,0.0001
15/09/2011,0.0001
16/09/2011,0.0001
19/09/2011,0.0001
20/09/2011,0.0001
21/09/2011,0.0001
22/09/2011,0
23/09/2011,0.0001
26/09/2011,0.0002
27/09/2011,0.0001
28/09/2011,0.0002
29/09/2011,0.0002
30/09/2011,0.0002
03/10/2011,0.0002
04/10/2011,0.0001
05/10/2011,0
06/10/2011,0.0001
07/10/2011,0.0001
11/10/2011,0.0002
12/10/2011,0.0002
13/10/2011,0.0002
14/10/2011,0.0002
17/10/2011,0.0004
18/10/2011,0.0004
19/10/2011,0.0003
20/10/2011,0.0003
21/10/2011,0.0002
24/10/2011,0.0002
25/10/2011,0.0001
26/10/2011,0.0002
27/10/2011,0.0002
28/10/2011,0.0001
31/10/2011,0.0001
01/11/2011,0.0001
02/11/2011,0.0001
03/11/2011,0.0001
04/11/2011,0.0001
07/11/2011,0.0001
08/11/2011,0.0001
09/11/2011,0.0001
10/11/2011,0.0001
14/11/2011,0.0001
15/11/2011,0.0001
16/11/2011,0.0001
17/11/2011,0.0002
18/11/2011,0.0001
21/11/2011,0.0002
22/11/2011,0.0002
23/11/2011,0.0002
25/11/2011,0.0002
28/11/2011,0.0003
29/11/2011,0.0002
30/11/2011,0.0001
01/12/2011,0.0001
02/12/2011,0.0002
05/12/2011,0.0001
06/12/2011,0.0001
07/12/2011,0.0002
08/12/2011,0.0001
09/12/2011,0.0001
12/12/2011,0.0001
13/12/2011,0.0001
14/12/2011,0.0001
15/12/2011,0
16/12/2011,0
19/12/2011,0.0001
20/12/2011,0.0001
21/12/2011,0.0001
22/12/2011,0.0001
23/12/2011,0.0001
27/12/2011,0.0002
28/12/2011,0.0001
29/12/2011,0.0002
30/12/2011,0.0002
03/01/2012,0.0002
04/01/2012,0.0002
05/01/2012,0.0002
06/01/2012,0.0002
09/01/2012,0.0001
10/01/2012,0.0002
11/01/2012,0.0002
12/01/2012,0.0003
13/01/2012,0.0003
17/01/2012,0.0003
18/01/2012,0.0003
19/01/2012,0.0005
20/01/2012,0.0005
23/01/2012,0.0004
24/01/2012,0.0004
25/01/2012,0.0004
26/01/2012,0.0005
27/01/2012,0.0006
30/01/2012,0.0005
31/01/2012,0.0006
01/02/2012,0.0006
02/02/2012,0.0008
03/02/2012,0.0008
06/02/2012,0.0008
07/02/2012,0.0008
08/02/2012,0.0009
09/02/2012,0.0009
10/02/2012,0.0009
13/02/2012,0.0011
14/02/2012,0.0012
15/02/2012,0.0011
16/02/2012,0.001
17/02/2012,0.0009
21/02/2012,0.0008
22/02/2012,0.0009
23/02/2012,0.0009
24/02/2012,0.001
27/02/2012,0.0012
28/02/2012,0.001
29/02/2012,0.0008
01/03/2012,0.0008
02/03/2012,0.0007
05/03/2012,0.0008
06/03/2012,0.0008
07/03/2012,0.0008
08/03/2012,0.0008
09/03/2012,0.0009
12/03/2012,0.0009
13/03/2012,0.0008
14/03/2012,0.0009
15/03/2012,0.0008
16/03/2012,0.0009
19/03/2012,0.001
20/03/2012,0.001
21/03/2012,0.0009
22/03/2012,0.0008
23/03/2012,0.0008
26/03/2012,0.0009
27/03/2012,0.0009
28/03/2012,0.0009
29/03/2012,0.0007
30/03/2012,0.0007
02/04/2012,0.0008
03/04/2012,0.0008
04/04/2012,0.0008
05/04/2012,0.0008
06/04/2012,0.0007
09/04/2012,0.0009
10/04/2012,0.0009
11/04/2012,0.0009
12/04/2012,0.0009
13/04/2012,0.0009
16/04/2012,0.0008
17/04/2012,0.0008
18/04/2012,0.0007
19/04/2012,0.0007
20/04/2012,0.0008
23/04/2012,0.0008
24/04/2012,0.0009
25/04/2012,0.0009
26/04/2012,0.0009
27/04/2012,0.0009
30/04/2012,0.001
01/05/2012,0.0009
02/05/2012,0.0008
03/05/2012,0.0009
04/05/2012,0.0007
07/05/2012,0.001
08/05/2012,0.0009
09/05/2012,0.0009
10/05/2012,0.001
11/05/2012,0.001
14/05/2012,0.001
15/05/2012,0.0009
16/05/2012,0.001
17/05/2012,0.001
18/05/2012,0.0008
21/05/2012,0.0009
22/05/2012,0.0009
23/05/2012,0.0009
24/05/2012,0.001
25/05/2012,0.0009
29/05/2012,0.0009
30/05/2012,0.0007
31/05/2012,0.0007
01/06/2012,0.0007
04/06/2012,0.0008
05/06/2012,0.0008
06/06/2012,0.0009
07/06/2012,0.0009
08/06/2012,0.0009
11/06/2012,0.0009
12/06/2012,0.001
13/06/2012,0.001
14/06/2012,0.0011
15/06/2012,0.0009
18/06/2012,0.001
19/06/2012,0.0009
20/06/2012,0.0009
21/06/2012,0.0009
22/06/2012,0.0009
25/06/2012,0.001
26/06/2012,0.001
27/06/2012,0.0009
28/06/2012,0.0009
29/06/2012,0.0009
02/07/2012,0.001
03/07/2012,0.0009
05/07/2012,0.0008
06/07/2012,0.0008
09/07/2012,0.0009
10/07/2012,0.0009
11/07/2012,0.001
12/07/2012,0.001
13/07/2012,0.001
16/07/2012,0.001
17/07/2012,0.001
18/07/2012,0.0009
19/07/2012,0.0009
20/07/2012,0.0009
23/07/2012,0.001
24/07/2012,0.001
25/07/2012,0.001
26/07/2012,0.0011
27/07/2012,0.0011
30/07/2012,0.0011
31/07/2012,0.0011
01/08/2012,0.001
02/08/2012,0.0009
03/08/2012,0.0009
06/08/2012,0.001
07/08/2012,0.0011
08/08/2012,0.0011
09/08/2012,0.0011
10/08/2012,0.001
13/08/2012,0.0011
14/08/2012,0.0011
15/08/2012,0.0009
16/08/2012,0.0009
17/08/2012,0.0009
20/08/2012,0.0011
21/08/2012,0.0011
22/08/2012,0.0011
23/08/2012,0.0011
24/08/2012,0.001
27/08/2012,0.0011
28/08/2012,0.001
29/08/2012,0.0012
30/08/2012,0.001
31/08/2012,0.0009
04/09/2012,0.001
05/09/2012,0.0011
06/09/2012,0.0011
07/09/2012,0.0011
10/09/2012,0.001
11/09/2012,0.001
12/09/2012,0.001
13/09/2012,0.001
14/09/2012,0.0011
17/09/2012,0.0011
18/09/2012,0.001
19/09/2012,0.0011
20/09/2012,0.0011
21/09/2012,0.0011
24/09/2012,0.0011
25/09/2012,0.0011
26/09/2012,0.0011
27/09/2012,0.0009
28/09/2012,0.001
01/10/2012,0.0009
02/10/2012,0.0009
03/10/2012,0.0009
04/10/2012,0.001
05/10/2012,0.0011
09/10/2012,0.001
10/10/2012,0.001
11/10/2012,0.001
12/10/2012,0.0011
15/10/2012,0.0011
16/10/2012,0.0009
17/10/2012,0.0011
18/10/2012,0.001
19/10/2012,0.001
22/10/2012,0.001
23/10/2012,0.0011
24/10/2012,0.0011
25/10/2012,0.0011
26/10/2012,0.0012
29/10/2012,0.0014
31/10/2012,0.0011
01/11/2012,0.0009
02/11/2012,0.0009
05/11/2012,0.0011
06/11/2012,0.001
07/11/2012,0.001
08/11/2012,0.001
09/11/2012,0.0009
13/11/2012,0.0011
14/11/2012,0.001
15/11/2012,0.0008
16/11/2012,0.0006
19/11/2012,0.0009
20/11/2012,0.0008
21/11/2012,0.001
23/11/2012,0.001
26/11/2012,0.001
27/11/2012,0.001
28/11/2012,0.001
29/11/2012,0.0009
30/11/2012,0.0008
03/12/2012,0.001
04/12/2012,0.001
05/12/2012,0.001
06/12/2012,0.001
07/12/2012,0.0009
10/12/2012,0.0009
11/12/2012,0.0008
12/12/2012,0.0007
13/12/2012,0.0006
14/12/2012,0.0004
17/12/2012,0.0005
18/12/2012,0.0006
19/12/2012,0.0005
20/12/2012,0.0006
21/12/2012,0.0006
24/12/2012,0.0006
26/12/2012,0.0009
27/12/2012,0.0008
28/12/2012,0.0001
31/12/2012,0.0005
02/01/2013,0.0008
03/01/2013,0.0008
04/01/2013,0.0007
07/01/2013,0.0007
08/01/2013,0.0007
09/01/2013,0.0006
10/01/2013,0.0006
11/01/2013,0.0007
14/01/2013,0.0008
15/01/2013,0.0009
16/01/2013,0.0008
17/01/2013,0.0007
18/01/2013,0.0008
22/01/2013,0.0008
23/01/2013,0.0008
24/01/2013,0.0008
25/01/2013,0.0008
28/01/2013,0.0007
29/01/2013,0.0007
30/01/2013,0.0007
31/01/2013,0.0007
01/02/2013,0.0006
04/02/2013,0.0007
05/02/2013,0.0007
06/02/2013,0.0007
07/02/2013,0.0007
08/02/2013,0.0007
11/02/2013,0.0009
12/02/2013,0.0009
13/02/2013,0.001
14/02/2013,0.0011
15/02/2013,0.001
19/02/2013,0.0012
20/02/2013,0.0012
21/02/2013,0.0013
22/02/2013,0.0013
25/02/2013,0.0012
26/02/2013,0.0014
27/02/2013,0.0011
28/02/2013,0.0011
01/03/2013,0.0011
04/03/2013,0.0011
05/03/2013,0.0008
06/03/2013,0.001
07/03/2013,0.001
08/03/2013,0.001
11/03/2013,0.001
12/03/2013,0.001
13/03/2013,0.0009
14/03/2013,0.001
15/03/2013,0.0009
18/03/2013,0.0007
19/03/2013,0.0007
20/03/2013,0.0007
21/03/2013,0.0007
22/03/2013,0.0007
25/03/2013,0.0008
26/03/2013,0.0007
27/03/2013,0.0009
28/03/2013,0.0007
01/04/2013,0.0008
02/04/2013,0.0007
03/04/2013,0.0006
04/04/2013,0.0007
05/04/2013,0.0007
08/04/2013,0.0007
09/04/2013,0.0006
10/04/2013,0.0007
11/04/2013,0.0007
12/04/2013,0.0006
15/04/2013,0.0006
16/04/2013,0.0006
17/04/2013,0.0006
18/04/2013,0.0005
19/04/2013,0.0005
22/04/2013,0.0005
23/04/2013,0.0005
24/04/2013,0.0006
25/04/2013,0.0005
26/04/2013,0.0005
29/04/2013,0.0005
30/04/2013,0.0005
01/05/2013,0.0006
02/05/2013,0.0005
03/05/2013,0.0005
06/05/2013,0.0004
07/05/2013,0.0004
08/05/2013,0.0004
09/05/2013,0.0004
10/05/2013,0.0004
13/05/2013,0.0005
14/05/2013,0.0005
15/05/2013,0.0004
16/05/2013,0.0003
17/05/2013,0.0004
20/05/2013,0.0005
21/05/2013,0.0004
22/05/2013,0.0004
23/05/2013,0.0005
24/05/2013,0.0004
28/05/2013,0.0005
29/05/2013,0.0005
30/05/2013,0.0004
31/05/2013,0.0004
03/06/2013,0.0005
04/06/2013,0.0004
05/06/2013,0.0005
06/06/2013,0.0005
07/06/2013,0.0004
10/06/2013,0.0005
11/06/2013,0.0005
12/06/2013,0.0005
13/06/2013,0.0005
14/06/2013,0.0005
17/06/2013,0.0005
18/06/2013,0.0005
19/06/2013,0.0005
20/06/2013,0.0005
21/06/2013,0.0005
24/06/2013,0.0006
25/06/2013,0.0006
26/06/2013,0.0006
27/06/2013,0.0006
28/06/2013,0.0004
01/07/2013,0.0004
02/07/2013,0.0003
03/07/2013,0.0005
05/07/2013,0.0004
08/07/2013,0.0005
09/07/2013,0.0004
10/07/2013,0.0004
11/07/2013,0.0004
12/07/2013,0.0004
15/07/2013,0.0004
16/07/2013,0.0003
17/07/2013,0.0003
18/07/2013,0.0003
19/07/2013,0.0003
22/07/2013,0.0004
23/07/2013,0.0002
24/07/2013,0.0003
25/07/2013,0.0002
26/07/2013,0.0003
29/07/2013,0.0003
30/07/2013,0.0004
31/07/2013,0.0004
01/08/2013,0.0004
02/08/2013,0.0004
05/08/2013,0.0005
06/08/2013,0.0004
07/08/2013,0.0005
08/08/2013,0.0005
09/08/2013,0.0005
12/08/2013,0.0006
13/08/2013,0.0006
14/08/2013,0.0005
15/08/2013,0.0005
16/08/2013,0.0005
19/08/2013,0.0006
20/08/2013,0.0004
21/08/2013,0.0004
22/08/2013,0.0003
23/08/2013,0.0003
26/08/2013,0.0004
27/08/2013,0.0005
28/08/2013,0.0003
29/08/2013,0.0002
30/08/2013,0.0003
03/09/2013,0.0002
04/09/2013,0.0002
05/09/2013,0.0002
06/09/2013,0.0002
09/09/2013,0.0002
10/09/2013,0.0002
11/09/2013,0.0002
12/09/2013,0.0001
13/09/2013,0.0001
16/09/2013,0.0002
17/09/2013,0.0001
18/09/2013,0.0001
19/09/2013,0.0001
20/09/2013,0.0001
23/09/2013,0.0002
24/09/2013,0.0002
25/09/2013,0.0002
26/09/2013,0
27/09/2013,0.0002
30/09/2013,0.0002
01/10/2013,0.0002
02/10/2013,0.0002
03/10/2013,0.0003
04/10/2013,0.0003
07/10/2013,0.0003
08/10/2013,0.0005
09/10/2013,0.0005
10/10/2013,0.0005
11/10/2013,0.0008
15/10/2013,0.0014
16/10/2013,0.001
17/10/2013,0.0005
18/10/2013,0.0004
21/10/2013,0.0004
22/10/2013,0.0004
23/10/2013,0.0004
24/10/2013,0.0003
25/10/2013,0.0004
28/10/2013,0.0004
29/10/2013,0.0004
30/10/2013,0.0004
31/10/2013,0.0004
01/11/2013,0.0004
04/11/2013,0.0005
05/11/2013,0.0005
06/11/2013,0.0005
07/11/2013,0.0005
08/11/2013,0.0006
12/11/2013,0.0008
13/11/2013,0.0008
14/11/2013,0.0008
15/11/2013,0.0008
18/11/2013,0.0009
19/11/2013,0.0008
20/11/2013,0.0008
21/11/2013,0.0007
22/11/2013,0.0007
25/11/2013,0.0008
26/11/2013,0.0007
27/11/2013,0.0007
29/11/2013,0.0006
02/12/2013,0.0005
03/12/2013,0.0006
04/12/2013,0.0006
05/12/2013,0.0006
06/12/2013,0.0006
09/12/2013,0.0007
10/12/2013,0.0007
11/12/2013,0.0007
12/12/2013,0.0007
13/12/2013,0.0007
16/12/2013,0.0007
17/12/2013,0.0007
18/12/2013,0.0007
19/12/2013,0.0006
20/12/2013,0.0007
23/12/2013,0.0007
24/12/2013,0.0007
26/12/2013,0.0007
27/12/2013,0.0007
30/12/2013,0.0007
31/12/2013,0.0007
02/01/2014,0.0007
03/01/2014,0.0007
06/01/2014,0.0005
07/01/2014,0.0004
08/01/2014,0.0005
09/01/2014,0.0004
10/01/2014,0.0005
13/01/2014,0.0003
14/01/2014,0.0004
15/01/2014,0.0004
16/01/2014,0.0004
17/01/2014,0.0005
21/01/2014,0.0004
22/01/2014,0.0004
23/01/2014,0.0004
24/01/2014,0.0004
27/01/2014,0.0005
28/01/2014,0.0005
29/01/2014,0.0004
30/01/2014,0.0002
31/01/2014,0.0002
03/02/2014,0.0005
04/02/2014,0.0006
05/02/2014,0.0007
06/02/2014,0.0007
07/02/2014,0.0008
10/02/2014,0.0007
11/02/2014,0.0005
12/02/2014,0.0005
13/02/2014,0.0003
14/02/2014,0.0002
18/02/2014,0.0005
19/02/2014,0.0006
20/02/2014,0.0005
21/02/2014,0.0005
24/02/2014,0.0005
25/02/2014,0.0005
26/02/2014,0.0005
27/02/2014,0.0004
28/02/2014,0.0005
03/03/2014,0.0005
04/03/2014,0.0005
05/03/2014,0.0006
06/03/2014,0.0005
07/03/2014,0.0006
10/03/2014,0.0005
11/03/2014,0.0005
12/03/2014,0.0005
13/03/2014,0.0005
14/03/2014,0.0005
17/03/2014,0.0006
18/03/2014,0.0005
19/03/2014,0.0006
20/03/2014,0.0006
21/03/2014,0.0006
24/03/2014,0.0006
25/03/2014,0.0005
26/03/2014,0.0005
27/03/2014,0.0004
28/03/2014,0.0004
31/03/2014,0.0005
01/04/2014,0.0004
02/04/2014,0.0002
03/04/2014,0.0002
04/04/2014,0.0003
07/04/2014,0.0003
08/04/2014,0.0003
09/04/2014,0.0004
10/04/2014,0.0004
11/04/2014,0.0004
14/04/2014,0.0004
15/04/2014,0.0004
16/04/2014,0.0004
17/04/2014,0.0003
21/04/2014,0.0004
22/04/2014,0.0003
23/04/2014,0.0002
24/04/2014,0.0001
25/04/2014,0.0003
28/04/2014,0.0003
29/04/2014,0.0002
30/04/2014,0.0003
01/05/2014,0.0003
02/05/2014,0.0002
05/05/2014,0.0003
06/05/2014,0.0003
07/05/2014,0.0003
08/05/2014,0.0003
09/05/2014,0.0003
12/05/2014,0.0003
13/05/2014,0.0003
14/05/2014,0.0003
15/05/2014,0.0003
16/05/2014,0.0003
19/05/2014,0.0003
20/05/2014,0.0003
21/05/2014,0.0004
22/05/2014,0.0003
23/05/2014,0.0004
27/05/2014,0.0004
28/05/2014,0.0004
29/05/2014,0.0004
30/05/2014,0.0004
02/06/2014,0.0004
03/06/2014,0.0004
04/06/2014,0.0004
05/06/2014,0.0004
06/06/2014,0.0004
09/06/2014,0.0004
10/06/2014,0.0004
11/06/2014,0.0004
12/06/2014,0.0004
13/06/2014,0.0004
16/06/2014,0.0004
17/06/2014,0.0004
18/06/2014,0.0003
19/06/2014,0.0002
20/06/2014,0.0002
23/06/2014,0.0003
24/06/2014,0.0003
25/06/2014,0.0003
26/06/2014,0.0004
27/06/2014,0.0003
30/06/2014,0.0004
01/07/2014,0.0002
02/07/2014,0.0002
03/07/2014,0.0001
07/07/2014,0.0004
08/07/2014,0.0003
09/07/2014,0.0003
10/07/2014,0.0002
11/07/2014,0.0002
14/07/2014,0.0003
15/07/2014,0.0002
16/07/2014,0.0002
17/07/2014,0.0002
18/07/2014,0.0002
21/07/2014,0.0003
22/07/2014,0.0003
23/07/2014,0.0003
24/07/2014,0.0003
25/07/2014,0.0003
28/07/2014,0.0004
29/07/2014,0.0002
30/07/2014,0.0004
31/07/2014,0.0003
01/08/2014,0.0003
04/08/2014,0.0004
05/08/2014,0.0003
06/08/2014,0.0003
07/08/2014,0.0003
08/08/2014,0.0003
11/08/2014,0.0004
12/08/2014,0.0003
13/08/2014,0.0004
14/08/2014,0.0004
15/08/2014,0.0003
18/08/2014,0.0003
19/08/2014,0.0003
20/08/2014,0.0004
21/08/2014,0.0002
22/08/2014,0.0003
25/08/2014,0.0004
26/08/2014,0.0003
27/08/2014,0.0004
28/08/2014,0.0003
29/08/2014,0.0003
02/09/2014,0.0003
03/09/2014,0.0003
04/09/2014,0.0003
05/09/2014,0.0003
08/09/2014,0.0002
09/09/2014,0.0002
10/09/2014,0.0002
11/09/2014,0.0002
12/09/2014,0.0002
15/09/2014,0.0002
16/09/2014,0.0002
17/09/2014,0.0002
18/09/2014,0.0002
19/09/2014,0.0002
22/09/2014,0.0001
23/09/2014,0.0001
24/09/2014,0.0002
25/09/2014,0.0001
26/09/2014,0.0001
29/09/2014,0.0002
30/09/2014,0.0002
01/10/2014,0.0002
02/10/2014,0.0001
03/10/2014,0.0001
06/10/2014,0.0002
07/10/2014,0.0002
08/10/2014,0.0001
09/10/2014,0.0001
10/10/2014,0.0001
14/10/2014,0.0002
15/10/2014,0.0002
16/10/2014,0.0003
17/10/2014,0.0002
20/10/2014,0.0002
21/10/2014,0.0002
22/10/2014,0.0002
23/10/2014,0.0001
24/10/2014,0.0001
27/10/2014,0.0002
28/10/2014,0.0002
29/10/2014,0.0003
30/10/2014,0.0001
31/10/2014,0.0001
03/11/2014,0.0002
04/11/2014,0.0003
05/11/2014,0.0003
06/11/2014,0.0003
07/11/2014,0.0003
10/11/2014,0.0002
12/11/2014,0.0002
13/11/2014,0.0002
14/11/2014,0.0002
17/11/2014,0.0003
18/11/2014,0.0002
19/11/2014,0.0001
20/11/2014,0.0002
21/11/2014,0.0001
24/11/2014,0.0002
25/11/2014,0.0002
26/11/2014,0.0002
28/11/2014,0.0002
01/12/2014,0.0003
02/12/2014,0.0003
03/12/2014,0.0001
04/12/2014,0.0002
05/12/2014,0.0002
08/12/2014,0.0003
09/12/2014,0.0004
10/12/2014,0.0003
11/12/2014,0.0003
12/12/2014,0.0002
15/12/2014,0.0004
16/12/2014,0.0003
17/12/2014,0.0003
18/12/2014,0.0004
19/12/2014,0.0004
22/12/2014,0.0005
23/12/2014,0.0003
24/12/2014,0.0001
26/12/2014,0.0001
29/12/2014,0.0003
30/12/2014,0.0003
31/12/2014,0.0004
02/01/2015,0.0002
05/01/2015,0.0003
06/01/2015,0.0003
07/01/2015,0.0003
08/01/2015,0.0003
09/01/2015,0.0002
12/01/2015,0.0003
13/01/2015,0.0003
14/01/2015,0.0004
15/01/2015,0.0003
16/01/2015,0.0003
20/01/2015,0.0003
21/01/2015,0.0003
22/01/2015,0.0003
23/01/2015,0.0002
26/01/2015,0.0003
27/01/2015,0.0002
28/01/2015,0.0002
29/01/2015,0.0003
30/01/2015,0.0002
02/02/2015,0.0002
03/02/2015,0.0002
04/02/2015,0.0001
05/02/2015,0.0002
06/02/2015,0.0002
09/02/2015,0.0001
10/02/2015,0.0001
11/02/2015,0.0001
12/02/2015,0.0002
13/02/2015,0.0001
17/02/2015,0.0002
18/02/2015,0.0002
19/02/2015,0.0002
20/02/2015,0.0002
23/02/2015,0.0002
24/02/2015,0.0002
25/02/2015,0.0002
26/02/2015,0.0003
27/02/2015,0.0002
02/03/2015,0.0002
03/03/2015,0.0002
04/03/2015,0.0001
05/03/2015,0.0002
06/03/2015,0.0001
09/03/2015,0.0002
10/03/2015,0.0002
11/03/2015,0.0003
12/03/2015,0.0003
13/03/2015,0.0003
16/03/2015,0.0005
17/03/2015,0.0005
18/03/2015,0.0003
19/03/2015,0.0003
20/03/2015,0.0001
23/03/2015,0.0003
24/03/2015,0.0002
25/03/2015,0.0004
26/03/2015,0.0003
27/03/2015,0.0004
30/03/2015,0.0004
31/03/2015,0.0003
01/04/2015,0.0003
02/04/2015,0.0002
03/04/2015,0.0002
06/04/2015,0.0003
07/04/2015,0.0002
08/04/2015,0.0003
09/04/2015,0.0003
10/04/2015,0.0002
13/04/2015,0.0003
14/04/2015,0.0002
15/04/2015,0.0002
16/04/2015,0.0002
17/04/2015,0.0001
20/04/2015,0.0003
21/04/2015,0.0003
22/04/2015,0.0003
23/04/2015,0.0003
24/04/2015,0.0003
27/04/2015,0.0002
28/04/2015,0.0002
29/04/2015,0.0001
30/04/2015,0.0001
01/05/2015,0.0001
04/05/2015,0.0002
05/05/2015,0.0001
06/05/2015,0.0002
07/05/2015,0.0001
08/05/2015,0.0001
11/05/2015,0.0002
12/05/2015,0.0003
13/05/2015,0.0002
14/05/2015,0.0001
15/05/2015,0.0002
18/05/2015,0.0002
19/05/2015,0.0002
20/05/2015,0.0002
21/05/2015,0.0002
22/05/2015,0.0002
26/05/2015,0.0002
27/05/2015,0.0001
28/05/2015,0.0001
29/05/2015,0.0001
01/06/2015,0.0002
02/06/2015,0.0001
03/06/2015,0.0002
04/06/2015,0.0002
05/06/2015,0.0003
08/06/2015,0.0002
09/06/2015,0.0002
10/06/2015,0.0002
11/06/2015,0.0001
12/06/2015,0.0002
15/06/2015,0.0002
16/06/2015,0.0001
17/06/2015,0.0001
18/06/2015,0.0001
19/06/2015,0.0001
22/06/2015,0.0001
23/06/2015,0.0001
24/06/2015,0.0001
25/06/2015,0.0001
26/06/2015,0.0001
29/06/2015,0.0002
30/06/2015,0.0001
01/07/2015,0.0001
02/07/2015,0.0001
06/07/2015,0.0002
07/07/2015,0.0002
08/07/2015,0.0002
09/07/2015,0.0003
10/07/2015,0.0001
13/07/2015,0.0002
14/07/2015,0.0001
15/07/2015,0.0002
16/07/2015,0.0002
17/07/2015,0.0003
20/07/2015,0.0004
21/07/2015,0.0003
22/07/2015,0.0004
23/07/2015,0.0003
24/07/2015,0.0004
27/07/2015,0.0005
28/07/2015,0.0005
29/07/2015,0.0006
30/07/2015,0.0007
31/07/2015,0.0008
03/08/2015,0.0008
04/08/2015,0.0008
05/08/2015,0.0008
06/08/2015,0.0004
07/08/2015,0.0006
10/08/2015,0.0012
11/08/2015,0.001
12/08/2015,0.001
13/08/2015,0.001
14/08/2015,0.0009
17/08/2015,0.001
18/08/2015,0.0007
19/08/2015,0.0005
20/08/2015,0.0002
21/08/2015,0.0003
24/08/2015,0.0006
25/08/2015,0.0007
26/08/2015,0.0006
27/08/2015,0.0006
28/08/2015,0.0006
31/08/2015,0.0008
01/09/2015,0.0003
02/09/2015,0.0003
03/09/2015,0.0002
04/09/2015,0.0002
08/09/2015,0.0006
09/09/2015,0.0003
10/09/2015,0.0002
11/09/2015,0.0004
14/09/2015,0.0007
15/09/2015,0.0007
16/09/2015,0.0006
17/09/2015,0.0001
18/09/2015,0
21/09/2015,0.0001
22/09/2015,0
23/09/2015,0.0001
24/09/2015,0.0001
25/09/2015,0
28/09/2015,0.0001
29/09/2015,0.0001
30/09/2015,0
01/10/2015,0
02/10/2015,0
05/10/2015,0.0001
06/10/2015,0
07/10/2015,0
08/10/2015,0
09/10/2015,0.0001
13/10/2015,0.0001
14/10/2015,0
15/10/2015,0.0001
16/10/2015,0.0001
19/10/2015,0.0002
20/10/2015,0.0002
21/10/2015,0.0001
22/10/2015,0
23/10/2015,0.0001
26/10/2015,0.0002
27/10/2015,0.0003
28/10/2015,0.0004
29/10/2015,0.0007
30/10/2015,0.0008
02/11/2015,0.0008
03/11/2015,0.0006
04/11/2015,0.0005
05/11/2015,0.0005
06/11/2015,0.0008
09/11/2015,0.0014
10/11/2015,0.0013
12/11/2015,0.0014
13/11/2015,0.0014
16/11/2015,0.0015
17/11/2015,0.0014
18/11/2015,0.0012
19/11/2015,0.0011
20/11/2015,0.0012
23/11/2015,0.0014
24/11/2015,0.0016
25/11/2015,0.0019
27/11/2015,0.0018
30/11/2015,0.0022
01/12/2015,0.0021
02/12/2015,0.0021
03/12/2015,0.0021
04/12/2015,0.0023
07/12/2015,0.0029
08/12/2015,0.0027
09/12/2015,0.0026
10/12/2015,0.0024
11/12/2015,0.0023
14/12/2015,0.0026
15/12/2015,0.0025
16/12/2015,0.0027
17/12/2015,0.0023
18/12/2015,0.0019
21/12/2015,0.0024
22/12/2015,0.0021
23/12/2015,0.002
24/12/2015,0.002
28/12/2015,0.0023
29/12/2015,0.0023
30/12/2015,0.0021
31/12/2015,0.0016
04/01/2016,0.0022
05/01/2016,0.002
06/01/2016,0.0021
07/01/2016,0.002
08/01/2016,0.002
11/01/2016,0.0021
12/01/2016,0.0021
13/01/2016,0.0022
14/01/2016,0.0025
15/01/2016,0.0024
19/01/2016,0.0026
20/01/2016,0.0026
21/01/2016,0.0028
22/01/2016,0.0031
25/01/2016,0.0031
26/01/2016,0.0031
27/01/2016,0.0032
28/01/2016,0.0035
29/01/2016,0.0033
01/02/2016,0.0035
02/02/2016,0.0034
03/02/2016,0.0033
04/02/2016,0.0029
05/02/2016,0.003
08/02/2016,0.0032
09/02/2016,0.003
10/02/2016,0.0031
11/02/2016,0.0028
12/02/2016,0.003
16/02/2016,0.003
17/02/2016,0.003
18/02/2016,0.003
19/02/2016,0.0031
22/02/2016,0.0033
23/02/2016,0.0032
24/02/2016,0.0033
25/02/2016,0.0032
26/02/2016,0.0033
29/02/2016,0.0033
01/03/2016,0.0033
02/03/2016,0.0036
03/03/2016,0.0028
04/03/2016,0.0029
07/03/2016,0.0032
08/03/2016,0.0029
09/03/2016,0.003
10/03/2016,0.0032
11/03/2016,0.0033
14/03/2016,0.0034
15/03/2016,0.0034
16/03/2016,0.0031
17/03/2016,0.0029
18/03/2016,0.003
21/03/2016,0.0031
22/03/2016,0.003
23/03/2016,0.003
24/03/2016,0.003
28/03/2016,0.0029
29/03/2016,0.0023
30/03/2016,0.002
31/03/2016,0.0021
01/04/2016,0.0023
04/04/2016,0.0023
05/04/2016,0.0023
06/04/2016,0.0023
07/04/2016,0.0023
08/04/2016,0.0023
11/04/2016,0.0023
12/04/2016,0.0022
13/04/2016,0.0023
14/04/2016,0.0022
15/04/2016,0.0022
18/04/2016,0.0022
19/04/2016,0.0021
20/04/2016,0.0023
21/04/2016,0.0023
22/04/2016,0.0023
25/04/2016,0.0025
26/04/2016,0.0024
27/04/2016,0.0024
28/04/2016,0.0022
29/04/2016,0.0022
02/05/2016,0.0022
03/05/2016,0.0021
04/05/2016,0.0019
05/05/2016,0.002
06/05/2016,0.0019
09/05/2016,0.0024
10/05/2016,0.0024
11/05/2016,0.0026
12/05/2016,0.0027
13/05/2016,0.0029
16/05/2016,0.0028
17/05/2016,0.0028
18/05/2016,0.003
19/05/2016,0.0031
20/05/2016,0.0033
23/05/2016,0.0035
24/05/2016,0.0035
25/05/2016,0.0033
26/05/2016,0.0031
27/05/2016,0.0032
31/05/2016,0.0034
01/06/2016,0.003
02/06/2016,0.0029
03/06/2016,0.003
06/06/2016,0.0028
07/06/2016,0.0028
08/06/2016,0.0024
09/06/2016,0.0026
10/06/2016,0.0026
13/06/2016,0.0027
14/06/2016,0.0027
15/06/2016,0.0026
16/06/2016,0.0027
17/06/2016,0.0027
20/06/2016,0.0028
21/06/2016,0.0027
22/06/2016,0.0027
23/06/2016,0.0031
24/06/2016,0.0027
27/06/2016,0.0027
28/06/2016,0.0026
29/06/2016,0.0026
30/06/2016,0.0026
01/07/2016,0.0028
05/07/2016,0.0028
06/07/2016,0.0027
07/07/2016,0.0029
08/07/2016,0.0028
11/07/2016,0.0031
12/07/2016,0.0029
13/07/2016,0.0031
14/07/2016,0.0032
15/07/2016,0.0032
18/07/2016,0.0032
19/07/2016,0.0031
20/07/2016,0.0032
21/07/2016,0.0032
22/07/2016,0.0033
25/07/2016,0.0032
26/07/2016,0.0031
27/07/2016,0.0031
28/07/2016,0.0025
29/07/2016,0.0028
01/08/2016,0.0029
02/08/2016,0.0029
03/08/2016,0.0028
04/08/2016,0.0026
05/08/2016,0.0028
08/08/2016,0.0031
09/08/2016,0.0029
10/08/2016,0.0028
11/08/2016,0.0028
12/08/2016,0.0029
15/08/2016,0.0031
16/08/2016,0.0027
17/08/2016,0.003
18/08/2016,0.003
19/08/2016,0.003
22/08/2016,0.0029
23/08/2016,0.003
24/08/2016,0.0031
25/08/2016,0.0033
26/08/2016,0.0034
29/08/2016,0.0033
30/08/2016,0.0033
31/08/2016,0.0033
01/09/2016,0.0033
02/09/2016,0.0033
06/09/2016,0.0032
07/09/2016,0.0034
08/09/2016,0.0035
09/09/2016,0.0035
12/09/2016,0.0037
13/09/2016,0.0036
14/09/2016,0.0033
15/09/2016,0.0029
16/09/2016,0.003
19/09/2016,0.003
20/09/2016,0.003
21/09/2016,0.0022
22/09/2016,0.0018
23/09/2016,0.0018
26/09/2016,0.0025
27/09/2016,0.0026
28/09/2016,0.0027
29/09/2016,0.0026
30/09/2016,0.0029
03/10/2016,0.0032
04/10/2016,0.0033
05/10/2016,0.0032
06/10/2016,0.0033
07/10/2016,0.0033
11/10/2016,0.0035
12/10/2016,0.0037
13/10/2016,0.003
14/10/2016,0.0032
17/10/2016,0.0034
18/10/2016,0.0034
19/10/2016,0.0035
20/10/2016,0.0035
21/10/2016,0.0034
24/10/2016,0.0033
25/10/2016,0.0034
26/10/2016,0.0033
27/10/2016,0.003
28/10/2016,0.003
31/10/2016,0.0034
01/11/2016,0.0035
02/11/2016,0.0037
03/11/2016,0.0038
04/11/2016,0.0038
07/11/2016,0.0041
08/11/2016,0.0043
09/11/2016,0.0045
10/11/2016,0.0048
14/11/2016,0.0055
15/11/2016,0.0051
16/11/2016,0.0047
17/11/2016,0.0044
18/11/2016,0.0044
21/11/2016,0.0046
22/11/2016,0.0049
23/11/2016,0.0051
25/11/2016,0.0049
28/11/2016,0.0048
29/11/2016,0.0048
30/11/2016,0.0048
01/12/2016,0.0048
02/12/2016,0.0049
05/12/2016,0.0049
06/12/2016,0.0049
07/12/2016,0.0052
08/12/2016,0.0051
09/12/2016,0.0054
12/12/2016,0.0051
13/12/2016,0.0054
14/12/2016,0.0055
15/12/2016,0.0051
16/12/2016,0.0051
19/12/2016,0.0052
20/12/2016,0.0052
21/12/2016,0.0052
22/12/2016,0.0051
23/12/2016,0.0052
27/12/2016,0.0051
28/12/2016,0.0053
29/12/2016,0.0047
30/12/2016,0.0051
03/01/2017,0.0053
04/01/2017,0.0053
05/01/2017,0.0052
06/01/2017,0.0053
09/01/2017,0.005
10/01/2017,0.0052
11/01/2017,0.0052
12/01/2017,0.0052
13/01/2017,0.0053
17/01/2017,0.0055
18/01/2017,0.0053
19/01/2017,0.0052
20/01/2017,0.005
23/01/2017,0.0051
24/01/2017,0.0051
25/01/2017,0.005
26/01/2017,0.0051
27/01/2017,0.0052
30/01/2017,0.0051
31/01/2017,0.0052
01/02/2017,0.0051
02/02/2017,0.0052
03/02/2017,0.0051
06/02/2017,0.0053
07/02/2017,0.0053
08/02/2017,0.0054
09/02/2017,0.0054
10/02/2017,0.0055
13/02/2017,0.0052
14/02/2017,0.0054
15/02/2017,0.0054
16/02/2017,0.0053
17/02/2017,0.0053
21/02/2017,0.0053
22/02/2017,0.0052
23/02/2017,0.0051
24/02/2017,0.0052
27/02/2017,0.005
28/02/2017,0.0053
01/03/2017,0.0063
02/03/2017,0.0067
03/03/2017,0.0071
06/03/2017,0.0074
07/03/2017,0.0076
08/03/2017,0.0073
09/03/2017,0.0073
10/03/2017,0.0075
13/03/2017,0.0079
14/03/2017,0.0078
15/03/2017,0.0073
16/03/2017,0.0073
17/03/2017,0.0073
20/03/2017,0.0076
21/03/2017,0.0077
22/03/2017,0.0077
23/03/2017,0.0076
24/03/2017,0.0078
27/03/2017,0.0078
28/03/2017,0.0078
29/03/2017,0.0078
30/03/2017,0.0078
31/03/2017,0.0076
03/04/2017,0.0079
04/04/2017,0.0079
05/04/2017,0.008
06/04/2017,0.0079
07/04/2017,0.0082
10/04/2017,0.0082
11/04/2017,0.0082
12/04/2017,0.0081
13/04/2017,0.0081
17/04/2017,0.0083
18/04/2017,0.0082
19/04/2017,0.0081
20/04/2017,0.0079
21/04/2017,0.0079
24/04/2017,0.0081
25/04/2017,0.0082
26/04/2017,0.0083
27/04/2017,0.0081
28/04/2017,0.008
01/05/2017,0.0083
02/05/2017,0.0082
03/05/2017,0.0085
04/05/2017,0.0086
05/05/2017,0.009
08/05/2017,0.0091
09/05/2017,0.0091
10/05/2017,0.009
11/05/2017,0.0089
12/05/2017,0.0088
15/05/2017,0.009
16/05/2017,0.009
17/05/2017,0.009
18/05/2017,0.0093
19/05/2017,0.0092
22/05/2017,0.0093
23/05/2017,0.0092
24/05/2017,0.0093
25/05/2017,0.0094
26/05/2017,0.0094
30/05/2017,0.0093
31/05/2017,0.0098
01/06/2017,0.0098
02/06/2017,0.0098
05/06/2017,0.0096
06/06/2017,0.0097
07/06/2017,0.01
08/06/2017,0.0101
09/06/2017,0.0101
12/06/2017,0.0098
13/06/2017,0.01
14/06/2017,0.0101
15/06/2017,0.0102
16/06/2017,0.0103
19/06/2017,0.0102
20/06/2017,0.0101
21/06/2017,0.0099
22/06/2017,0.0096
23/06/2017,0.0097
26/06/2017,0.0099
27/06/2017,0.01
28/06/2017,0.0102
29/06/2017,0.0104
30/06/2017,0.0103
03/07/2017,0.0106
05/07/2017,0.0105
06/07/2017,0.0104
07/07/2017,0.0105
10/07/2017,0.0104
11/07/2017,0.0105
12/07/2017,0.0105
13/07/2017,0.0105
14/07/2017,0.0104
17/07/2017,0.0107
18/07/2017,0.0107
19/07/2017,0.0111
20/07/2017,0.0115
21/07/2017,0.0116
24/07/2017,0.0117
25/07/2017,0.0118
26/07/2017,0.0113
27/07/2017,0.0111
28/07/2017,0.0108
31/07/2017,0.0107
01/08/2017,0.0108
02/08/2017,0.0108
03/08/2017,0.0108
04/08/2017,0.0108
07/08/2017,0.0102
08/08/2017,0.0106
09/08/2017,0.0106
10/08/2017,0.0105
11/08/2017,0.0103
14/08/2017,0.0102
15/08/2017,0.0104
16/08/2017,0.0102
17/08/2017,0.01
18/08/2017,0.0102
21/08/2017,0.01
22/08/2017,0.01
23/08/2017,0.01
24/08/2017,0.0102
25/08/2017,0.0103
28/08/2017,0.0098
29/08/2017,0.0103
30/08/2017,0.0103
31/08/2017,0.0101
01/09/2017,0.0102
05/09/2017,0.0103
06/09/2017,0.0107
07/09/2017,0.0105
08/09/2017,0.0104
11/09/2017,0.0105
12/09/2017,0.0103
13/09/2017,0.0104
14/09/2017,0.0105
15/09/2017,0.0105
18/09/2017,0.0105
19/09/2017,0.0104
20/09/2017,0.0104
21/09/2017,0.0104
22/09/2017,0.0103
25/09/2017,0.0105
26/09/2017,0.0106
27/09/2017,0.0107
28/09/2017,0.0106
29/09/2017,0.0106
02/10/2017,0.0101
03/10/2017,0.0107
04/10/2017,0.0108
05/10/2017,0.0107
06/10/2017,0.0107
10/10/2017,0.0108
11/10/2017,0.011
12/10/2017,0.0109
13/10/2017,0.0109
16/10/2017,0.011
17/10/2017,0.0109
18/10/2017,0.0109
19/10/2017,0.011
20/10/2017,0.0111
23/10/2017,0.0109
24/10/2017,0.0112
25/10/2017,0.0112
26/10/2017,0.0111
27/10/2017,0.011
30/10/2017,0.0112
31/10/2017,0.0115
01/11/2017,0.0118
02/11/2017,0.0117
03/11/2017,0.0118
06/11/2017,0.0119
07/11/2017,0.0122
08/11/2017,0.0123
09/11/2017,0.0124
10/11/2017,0.0123
13/11/2017,0.0124
14/11/2017,0.0126
15/11/2017,0.0125
16/11/2017,0.0127
17/11/2017,0.0129
20/11/2017,0.013
21/11/2017,0.013
22/11/2017,0.0129
24/11/2017,0.0129
27/11/2017,0.0127
28/11/2017,0.013
29/11/2017,0.0129
30/11/2017,0.0127
01/12/2017,0.0127
04/12/2017,0.0129
05/12/2017,0.013
06/12/2017,0.013
07/12/2017,0.0129
08/12/2017,0.0128
11/12/2017,0.0133
12/12/2017,0.0134
13/12/2017,0.013
14/12/2017,0.0132
15/12/2017,0.0131
18/12/2017,0.0138
19/12/2017,0.0137
20/12/2017,0.0138
21/12/2017,0.0135
22/12/2017,0.0133
26/12/2017,0.0147
27/12/2017,0.0144
28/12/2017,0.0139
29/12/2017,0.0139
02/01/2018,0.0144
03/01/2018,0.0141
04/01/2018,0.0141
05/01/2018,0.0139
08/01/2018,0.0145
09/01/2018,0.0144
10/01/2018,0.0142
11/01/2018,0.0143
12/01/2018,0.0143
16/01/2018,0.0145
17/01/2018,0.0144
18/01/2018,0.0145
19/01/2018,0.0144
22/01/2018,0.0144
23/01/2018,0.0144
24/01/2018,0.0143
25/01/2018,0.0142
26/01/2018,0.0141
29/01/2018,0.0144
30/01/2018,0.0144
31/01/2018,0.0146
01/02/2018,0.0148
02/02/2018,0.0148
05/02/2018,0.0151
06/02/2018,0.0152
07/02/2018,0.0155
08/02/2018,0.0155
09/02/2018,0.0155
12/02/2018,0.0162
13/02/2018,0.0159
14/02/2018,0.0158
15/02/2018,0.0158
16/02/2018,0.0162
20/02/2018,0.0166
21/02/2018,0.0164
22/02/2018,0.0163
23/02/2018,0.0164
26/02/2018,0.0166
27/02/2018,0.0166
28/02/2018,0.0165
01/03/2018,0.0163
02/03/2018,0.0165
05/03/2018,0.017
06/03/2018,0.0168
07/03/2018,0.0168
08/03/2018,0.0167
09/03/2018,0.0167
12/03/2018,0.0171
13/03/2018,0.0173
14/03/2018,0.0176
15/03/2018,0.0177
16/03/2018,0.0178
19/03/2018,0.018
20/03/2018,0.0181
21/03/2018,0.0174
22/03/2018,0.0172
23/03/2018,0.0174
26/03/2018,0.0179
27/03/2018,0.0177
28/03/2018,0.0173
29/03/2018,0.0173
02/04/2018,0.0177
03/04/2018,0.0175
04/04/2018,0.0171
05/04/2018,0.0172
06/04/2018,0.0173
09/04/2018,0.0176
10/04/2018,0.0174
11/04/2018,0.0173
12/04/2018,0.0175
13/04/2018,0.0176
16/04/2018,0.0179
17/04/2018,0.018
18/04/2018,0.0181
19/04/2018,0.0182
20/04/2018,0.0181
23/04/2018,0.0187
24/04/2018,0.0187
25/04/2018,0.0185
26/04/2018,0.0182
27/04/2018,0.0182
30/04/2018,0.0187
01/05/2018,0.0185
02/05/2018,0.0184
03/05/2018,0.0184
04/05/2018,0.0184
07/05/2018,0.0186
08/05/2018,0.0187
09/05/2018,0.0188
10/05/2018,0.019
11/05/2018,0.0192
14/05/2018,0.0193
15/05/2018,0.0192
16/05/2018,0.0192
17/05/2018,0.0192
18/05/2018,0.0191
21/05/2018,0.0193
22/05/2018,0.0193
23/05/2018,0.0192
24/05/2018,0.0191
25/05/2018,0.019
29/05/2018,0.0193
30/05/2018,0.0194
31/05/2018,0.0193
01/06/2018,0.0192
04/06/2018,0.0194
05/06/2018,0.0194
06/06/2018,0.0195
07/06/2018,0.0194
08/06/2018,0.0193
11/06/2018,0.0194
12/06/2018,0.0192
13/06/2018,0.0194
14/06/2018,0.0194
15/06/2018,0.0194
18/06/2018,0.0194
19/06/2018,0.0194
20/06/2018,0.0194
21/06/2018,0.0194
22/06/2018,0.0193
25/06/2018,0.0193
26/06/2018,0.0193
27/06/2018,0.0193
28/06/2018,0.0193
29/06/2018,0.0193
02/07/2018,0.0198
03/07/2018,0.0198
05/07/2018,0.0196
06/07/2018,0.0197
09/07/2018,0.0198
10/07/2018,0.0199
11/07/2018,0.0197
12/07/2018,0.0198
13/07/2018,0.0198
16/07/2018,0.0201
17/07/2018,0.0202
18/07/2018,0.02
19/07/2018,0.02
20/07/2018,0.0199
23/07/2018,0.0199
24/07/2018,0.0202
25/07/2018,0.0201
26/07/2018,0.0199
27/07/2018,0.02
30/07/2018,0.0204
31/07/2018,0.0203
01/08/2018,0.0203
02/08/2018,0.0202
03/08/2018,0.0201
06/08/2018,0.0205
07/08/2018,0.0206
08/08/2018,0.0206
09/08/2018,0.0206
10/08/2018,0.0205
13/08/2018,0.0206
14/08/2018,0.0208
15/08/2018,0.0207
16/08/2018,0.0207
17/08/2018,0.0205
20/08/2018,0.0206
21/08/2018,0.0208
22/08/2018,0.0209
23/08/2018,0.0208
24/08/2018,0.0209
27/08/2018,0.0212
28/08/2018,0.0213
29/08/2018,0.0213
30/08/2018,0.0211
31/08/2018,0.0211
04/09/2018,0.0213
05/09/2018,0.0214
06/09/2018,0.0213
07/09/2018,0.0214
10/09/2018,0.0214
11/09/2018,0.0215
12/09/2018,0.0216
13/09/2018,0.0215
14/09/2018,0.0216
17/09/2018,0.0216
18/09/2018,0.0217
19/09/2018,0.0216
20/09/2018,0.0217
21/09/2018,0.0218
24/09/2018,0.0222
25/09/2018,0.0221
26/09/2018,0.022
27/09/2018,0.0218
28/09/2018,0.0219
01/10/2018,0.0223
02/10/2018,0.0223
03/10/2018,0.0223
04/10/2018,0.0222
05/10/2018,0.0223
09/10/2018,0.0225
10/10/2018,0.0227
11/10/2018,0.0227
12/10/2018,0.0228
15/10/2018,0.0231
16/10/2018,0.023
17/10/2018,0.0231
18/10/2018,0.0232
19/10/2018,0.0231
22/10/2018,0.0234
23/10/2018,0.0233
24/10/2018,0.0234
25/10/2018,0.0234
26/10/2018,0.0233
29/10/2018,0.0234
30/10/2018,0.0233
31/10/2018,0.0234
01/11/2018,0.0232
02/11/2018,0.0233
05/11/2018,0.0236
06/11/2018,0.0235
07/11/2018,0.0237
08/11/2018,0.0235
09/11/2018,0.0236
13/11/2018,0.0238
14/11/2018,0.0238
15/11/2018,0.0237
16/11/2018,0.0236
19/11/2018,0.0238
20/11/2018,0.0239
21/11/2018,0.0241
23/11/2018,0.0241
26/11/2018,0.0241
27/11/2018,0.0241
28/11/2018,0.024
29/11/2018,0.0237
30/11/2018,0.0237
03/12/2018,0.0238
04/12/2018,0.0242
06/12/2018,0.0241
07/12/2018,0.024
10/12/2018,0.0241
11/12/2018,0.0241
12/12/2018,0.0243
13/12/2018,0.0243
14/12/2018,0.0242
17/12/2018,0.024
18/12/2018,0.0239
19/12/2018,0.024
20/12/2018,0.0239
21/12/2018,0.0239
24/12/2018,0.0245
26/12/2018,0.0244
27/12/2018,0.0241
28/12/2018,0.024
31/12/2018,0.0245
02/01/2019,0.0242
03/01/2019,0.0241
04/01/2019,0.0242
07/01/2019,0.0245
08/01/2019,0.0246
09/01/2019,0.0245
10/01/2019,0.0243
11/01/2019,0.0243
14/01/2019,0.0245
15/01/2019,0.0245
16/01/2019,0.0243
17/01/2019,0.0242
18/01/2019,0.0241
22/01/2019,0.0243
23/01/2019,0.0241
24/01/2019,0.0237
25/01/2019,0.0239
28/01/2019,0.0242
29/01/2019,0.0242
30/01/2019,0.0242
31/01/2019,0.0241
01/02/2019,0.024
04/02/2019,0.0242
05/02/2019,0.0242
06/02/2019,0.0242
07/02/2019,0.0242
08/02/2019,0.0243
11/02/2019,0.0245
12/02/2019,0.0243
13/02/2019,0.0244
14/02/2019,0.0243
15/02/2019,0.0243
19/02/2019,0.0245
20/02/2019,0.0245
21/02/2019,0.0245
22/02/2019,0.0246
25/02/2019,0.0247
26/02/2019,0.0245
27/02/2019,0.0245
28/02/2019,0.0245
01/03/2019,0.0244
04/03/2019,0.0246
05/03/2019,0.0246
06/03/2019,0.0247
07/03/2019,0.0245
08/03/2019,0.0246
11/03/2019,0.0246
12/03/2019,0.0246
13/03/2019,0.0245
14/03/2019,0.0245
15/03/2019,0.0245
18/03/2019,0.0244
19/03/2019,0.0246
20/03/2019,0.0248
21/03/2019,0.0249
22/03/2019,0.0246
25/03/2019,0.0246
26/03/2019,0.0246
27/03/2019,0.0244
28/03/2019,0.0243
29/03/2019,0.024
01/04/2019,0.0243
02/04/2019,0.0242
03/04/2019,0.0244
04/04/2019,0.0244
05/04/2019,0.0244
08/04/2019,0.0243
09/04/2019,0.0242
10/04/2019,0.0243
11/04/2019,0.0243
12/04/2019,0.0244
15/04/2019,0.0243
16/04/2019,0.0243
17/04/2019,0.0244
18/04/2019,0.0242
22/04/2019,0.0244
23/04/2019,0.0245
24/04/2019,0.0244
25/04/2019,0.0243
26/04/2019,0.0242
29/04/2019,0.0244
30/04/2019,0.0243
01/05/2019,0.0243
02/05/2019,0.0247
03/05/2019,0.0243
06/05/2019,0.0244
07/05/2019,0.0243
08/05/2019,0.0243
09/05/2019,0.0243
10/05/2019,0.0243
13/05/2019,0.0241
14/05/2019,0.0241
15/05/2019,0.0242
16/05/2019,0.024
17/05/2019,0.0239
20/05/2019,0.0239
21/05/2019,0.0239
22/05/2019,0.0238
23/05/2019,0.0237
24/05/2019,0.0235
28/05/2019,0.0237
29/05/2019,0.0237
30/05/2019,0.0238
31/05/2019,0.0235
03/06/2019,0.0235
04/06/2019,0.0235
05/06/2019,0.0235
06/06/2019,0.0233
07/06/2019,0.0228
10/06/2019,0.0229
11/06/2019,0.0227
12/06/2019,0.0224
13/06/2019,0.0219
14/06/2019,0.022
17/06/2019,0.0223
18/06/2019,0.0222
19/06/2019,0.0218
20/06/2019,0.0214
21/06/2019,0.0211
24/06/2019,0.0213
25/06/2019,0.0212
26/06/2019,0.0215
27/06/2019,0.0214
28/06/2019,0.0212
01/07/2019,0.0221
02/07/2019,0.022
03/07/2019,0.0221
05/07/2019,0.0223
08/07/2019,0.0226
09/07/2019,0.0226
10/07/2019,0.022
11/07/2019,0.0217
12/07/2019,0.0214
15/07/2019,0.0216
16/07/2019,0.0215
17/07/2019,0.0214
18/07/2019,0.0205
19/07/2019,0.0206
22/07/2019,0.0209
23/07/2019,0.0206
24/07/2019,0.021
25/07/2019,0.021
26/07/2019,0.0212
29/07/2019,0.0212
30/07/2019,0.0208
31/07/2019,0.0208
01/08/2019,0.0207
02/08/2019,0.0206
05/08/2019,0.0205
06/08/2019,0.0205
07/08/2019,0.0202
08/08/2019,0.0202
09/08/2019,0.02
12/08/2019,0.02
13/08/2019,0.02
14/08/2019,0.0196
15/08/2019,0.0191
16/08/2019,0.0187
19/08/2019,0.0194
20/08/2019,0.0194
21/08/2019,0.0197
22/08/2019,0.02
23/08/2019,0.0197
26/08/2019,0.0201
27/08/2019,0.0198
28/08/2019,0.0199
29/08/2019,0.0199
30/08/2019,0.0199
03/09/2019,0.0198
04/09/2019,0.0197
05/09/2019,0.0197
06/09/2019,0.0196
09/09/2019,0.0196
10/09/2019,0.0195
11/09/2019,0.0196
12/09/2019,0.0195
13/09/2019,0.0196
16/09/2019,0.0199
17/09/2019,0.0199
18/09/2019,0.0195
19/09/2019,0.0193
20/09/2019,0.0191
23/09/2019,0.0194
24/09/2019,0.0192
25/09/2019,0.0189
26/09/2019,0.0183
27/09/2019,0.018
30/09/2019,0.0188
01/10/2019,0.0182
02/10/2019,0.0179
03/10/2019,0.017
04/10/2019,0.0171
07/10/2019,0.0175
08/10/2019,0.0172
09/10/2019,0.0169
10/10/2019,0.0168
11/10/2019,0.0168
15/10/2019,0.0167
16/10/2019,0.0166
17/10/2019,0.0166
18/10/2019,0.0166
21/10/2019,0.0167
22/10/2019,0.0165
23/10/2019,0.0165
24/10/2019,0.0167
25/10/2019,0.0166
28/10/2019,0.0165
29/10/2019,0.0163
30/10/2019,0.0162
31/10/2019,0.0154
01/11/2019,0.0152
04/11/2019,0.0153
05/11/2019,0.0156
06/11/2019,0.0156
07/11/2019,0.0156
08/11/2019,0.0155
12/11/2019,0.0159
13/11/2019,0.0157
14/11/2019,0.0157
15/11/2019,0.0157
18/11/2019,0.0157
19/11/2019,0.0157
20/11/2019,0.0157
21/11/2019,0.0158
22/11/2019,0.0158
25/11/2019,0.0161
26/11/2019,0.016
27/11/2019,0.0162
29/11/2019,0.0159
02/12/2019,0.016
03/12/2019,0.0157
04/12/2019,0.0155
05/12/2019,0.0154
06/12/2019,0.0153
09/12/2019,0.0154
10/12/2019,0.0156
11/12/2019,0.0157
12/12/2019,0.0156
13/12/2019,0.0157
16/12/2019,0.0157
17/12/2019,0.0156
18/12/2019,0.0156
19/12/2019,0.0157
20/12/2019,0.0158
23/12/2019,0.0159
24/12/2019,0.0158
26/12/2019,0.0158
27/12/2019,0.0157
30/12/2019,0.0157
31/12/2019,0.0155
02/01/2020,0.0154
03/01/2020,0.0152
06/01/2020,0.0156
07/01/2020,0.0154
08/01/2020,0.0154
09/01/2020,0.0154
10/01/2020,0.0154
13/01/2020,0.0157
14/01/2020,0.0157
15/01/2020,0.0157
16/01/2020,0.0155
17/01/2020,0.0156
21/01/2020,0.0156
22/01/2020,0.0155
23/01/2020,0.0155
24/01/2020,0.0154
27/01/2020,0.0155
28/01/2020,0.0157
29/01/2020,0.0156
30/01/2020,0.0157
31/01/2020,0.0155
03/02/2020,0.0157
04/02/2020,0.0157
05/02/2020,0.0157
06/02/2020,0.0157
07/02/2020,0.0156
10/02/2020,0.0158
11/02/2020,0.0157
12/02/2020,0.0158
13/02/2020,0.0159
14/02/2020,0.0158
18/02/2020,0.0158
19/02/2020,0.0158
20/02/2020,0.0158
21/02/2020,0.0156
24/02/2020,0.0153
25/02/2020,0.0153
26/02/2020,0.0153
27/02/2020,0.0145
28/02/2020,0.0127
02/03/2020,0.0113
03/03/2020,0.0095
04/03/2020,0.0072
05/03/2020,0.0062
06/03/2020,0.0045
09/03/2020,0.0033
10/03/2020,0.0044
11/03/2020,0.0042
12/03/2020,0.0033
13/03/2020,0.0028
16/03/2020,0.0024
17/03/2020,0.0019
18/03/2020,0.0002
19/03/2020,0.0004
20/03/2020,0.0005
23/03/2020,0.0002
24/03/2020,0.0001
25/03/2020,0
26/03/2020,0
27/03/2020,0.0003
30/03/2020,0.0012
31/03/2020,0.0011
01/04/2020,0.0009
02/04/2020,0.0009
03/04/2020,0.001
06/04/2020,0.0015
07/04/2020,0.0014
08/04/2020,0.0022
09/04/2020,0.0025
13/04/2020,0.0026
14/04/2020,0.002
15/04/2020,0.0014
16/04/2020,0.0014
17/04/2020,0.0012
20/04/2020,0.0012
21/04/2020,0.0011
22/04/2020,0.0012
23/04/2020,0.0011
